ticker,-120,-119,-118,-117,-116,-115,-114,-113,-112,-111,-110,-109,-108,-107,-106,-105,-104,-103,-102,-101,-100,-99,-98,-97,-96,-95,-94,-93,-92,-91,-90,-89,-88,-87,-86,-85,-84,-83,-82,-81,-80,-79,-78,-77,-76,-75,-74,-73,-72,-71,-70,-69,-68,-67,-66,-65,-64,-63,-62,-61,-60,-59,-58,-57,-56,-55,-54,-53,-52,-51,-50,-49,-48,-47,-46,-45,-44,-43,-42,-41,-40,-39,-38,-37,-36,-35,-34,-33,-32,-31,-30,-29,-28,-27,-26,-25,-24,-23,-22,-21,-20,-19,-18,-17,-16,-15,-14,-13,-12,-11,-10,-9,-8,-7,-6,-5,-4,-3,-2,-1,0,1,2,3,4,5,6,7,8,9,10,11,12,13,14,15,16,17,18,19,20,21,22,23,24,25,26,27,28,29,30,31,32,33,34,35,36,37,38,39,40,41,42,43,44,45,46,47,48,49,50,51,52,53,54,55,56,57,58,59,60,61,62,63,64,65,66,67,68,69,70,71,72,73,74,75,76,77,78,79,80,81,82,83,84,85,86,87,88,89,90,91,92,93,94,95,96,97,98,99,100,101,102,103,104,105,106,107,108,109,110,111,112,113,114,115,116,117,118,119,120,Cat10,,,,,,,,
AAPL,,0.755639969,0.754183088,0.752447177,0.749432812,0.746344898,0.742328509,0.738774194,0.735872428,0.733072746,0.729575234,0.726895819,0.72429554,0.72224056,0.720346706,0.718425604,0.716160367,0.713689745,0.710570469,0.706962501,0.702724882,0.698130144,0.693442459,0.688052333,0.68253205,0.677080704,0.670869019,0.6649476,0.658468755,0.651575054,0.645738164,0.640528329,0.636101473,0.631872276,0.628441231,0.625131426,0.62227984,0.618373001,0.615235443,0.612301755,0.607801665,0.603810932,0.598571208,0.593081686,0.586331446,0.580781143,0.574874003,0.569328099,0.563435092,0.55703514,0.550930544,0.545842385,0.540195907,0.535513698,0.528587722,0.52262418,0.51460013,0.505809129,0.497926431,0.489985344,0.483480987,0.477432027,0.470644802,0.464799139,0.45922292,0.456351941,0.454183161,0.452044367,0.449401069,0.445945375,0.442165459,0.439669049,0.437602402,0.433064929,0.430219004,0.428263964,0.425509791,0.422340184,0.418123202,0.413752551,0.409930053,0.406501626,0.40156596,0.397972403,0.396175668,0.392178863,0.386778399,0.379428115,0.37403459,0.369854384,0.366741728,0.364455178,0.363290306,0.363169615,0.364587906,0.362288673,0.356108674,0.346983339,0.344664254,0.33991001,0.335683611,0.330613636,0.32604123,0.318644048,0.309263799,0.300193817,0.292562374,0.285499886,0.282805707,0.269929163,0.252739521,0.241393679,0.214475498,0.195823809,0.156788191,0.122759689,0.12091658,0.091402066,0.042947095,,,,1.220364167,1.306767975,1.5478987,1.790313846,1.866558666,1.825490988,1.893450853,2.010737885,2.127127107,2.230416396,2.257132069,2.292052644,2.296031789,2.318453622,2.366901028,2.421359261,2.456190817,2.470578302,2.477276719,2.467365037,2.474517479,2.467391828,2.452766336,2.443880839,2.430180264,2.420868219,2.418045423,2.423388865,2.426346686,2.424899646,2.428580177,2.430088032,2.447744998,2.44943202,2.472150301,2.481859352,2.48780844,2.49971506,2.514712328,2.515907137,2.512873624,2.503451733,2.494289411,2.48899471,2.476982597,2.46501955,2.454250024,2.441856748,2.433707946,2.424215051,2.420495988,2.417930948,2.410739941,2.407460346,2.400573018,2.393208292,2.387212165,2.380681396,2.377801013,2.374557978,2.369679394,2.36982138,2.368652876,2.369765772,2.369438374,2.367561693,2.364975737,2.36248389,2.362980955,2.361542921,2.362364592,2.362427289,2.365464126,2.36761288,2.372992072,2.379729628,2.385601087,2.392058191,2.398267052,2.405465357,2.411698168,2.415130338,2.42167705,2.430612506,2.443866749,2.457512472,2.470198951,2.481092401,2.487779021,2.493665346,2.49822288,2.502707243,2.506425143,2.508674235,2.510055117,2.511705738,2.515322272,2.517891341,2.518838507,2.520720916,2.522564017,2.527030158,2.531098178,2.53425742,2.537270607,2.541741185,2.544381767,2.544628728,2.547927886,2.550243084,2.551523535,2.553011639,2.55824333,2.565936342,2.575733926,2.581216684,2.586992559,2.58932637,,119,after,,,,,,,
AMAT,,0.046982598,0.04658173,0.046229416,0.045885851,0.045441352,0.045002547,0.044518161,0.044061624,0.043615779,0.043097715,0.042655876,0.042243596,0.041788896,0.041338678,0.040877739,0.040485987,0.040224158,0.039958661,0.039668699,0.03947179,0.039255058,0.039026809,0.038825654,0.038606233,0.038375768,0.038149878,0.03790034,0.037725228,0.037610891,0.03745781,0.037274513,0.037050085,0.036906704,0.036780753,0.036531192,0.036295428,0.036121338,0.035948707,0.035734666,0.035471383,0.035232074,0.035023953,0.034868751,0.034782013,0.034732175,0.03455877,0.03447526,0.034380321,0.034221579,0.034069245,0.033942848,0.033848762,0.03376505,0.033598428,0.033433068,0.033235629,0.033021904,0.032817407,0.032464408,0.032092801,0.031726847,0.031425474,0.031223976,0.030995616,0.030760478,0.030562314,0.030314499,0.030041078,0.029846531,0.029635795,0.029338116,0.029051806,0.028857217,0.02851357,0.028121528,0.027840895,0.027518422,0.027051023,0.026662441,0.026289934,0.025860887,0.025549147,0.025250194,0.024936961,0.024433269,0.023941524,0.023400282,0.022853112,0.022259024,0.021604025,0.021263935,0.020765249,0.020423566,0.020047999,0.019935104,0.019647966,0.019251448,0.018934818,0.018435915,0.017785346,0.017047232,0.016597177,0.015912507,0.015395268,0.015053081,0.014570573,0.014023053,0.013418649,0.012941283,0.012908293,0.012495444,0.012155129,0.011645241,0.011424704,0.011405681,0.009505653,0.00869469,0.004552421,,,,0.02602153,0.022477441,0.024176958,0.024374947,0.027967405,0.031225375,0.032694049,0.032972643,0.033628381,0.034001964,0.034256692,0.034667544,0.034974329,0.034968133,0.034896215,0.0353015,0.035865221,0.035787338,0.035765357,0.035995537,0.036210392,0.036601723,0.036602149,0.036696884,0.036660581,0.036783554,0.036761227,0.036780952,0.036889463,0.037291074,0.037635213,0.037787076,0.03798646,0.038326226,0.038760039,0.039395677,0.039990674,0.040483939,0.041330435,0.042070059,0.042702703,0.043244828,0.043732073,0.04433647,0.044725382,0.045088772,0.045427614,0.045774507,0.046242908,0.046591266,0.04699628,0.047310783,0.047623639,0.047857862,0.048066736,0.04823099,0.048408924,0.048591652,0.048761856,0.048890226,0.048940682,0.049007512,0.049076243,0.049155782,0.049266474,0.049444829,0.049624164,0.049750303,0.0499223,0.050038662,0.050102729,0.050121836,0.050114679,0.050082281,0.050054789,0.05003501,0.050006486,0.05001685,0.050043164,0.05016462,0.050298573,0.050423943,0.050538109,0.050638813,0.050825015,0.050962839,0.051103174,0.051227569,0.051324933,0.051381399,0.051438396,0.051542615,0.051669271,0.051831076,0.052025631,0.052198026,0.052314718,0.052460906,0.052620959,0.052757925,0.052890317,0.053051239,0.053198302,0.053332446,0.053468219,0.05355051,0.053615478,0.053703586,0.053792161,0.053897731,0.054006435,0.054079702,0.054151114,0.054232419,0.0542644,0.054285922,0.054307103,0.054386122,,119,after,,,before,13,,,13.37142857
AMD,,0.031583433,0.031491155,0.031411473,0.031289719,0.031148818,0.031013085,0.030876372,0.030738357,0.03060862,0.030508615,0.030424384,0.030368127,0.030273584,0.030172318,0.030099906,0.030011112,0.029894457,0.029730496,0.029568977,0.029386725,0.029180387,0.028959593,0.028769022,0.028546452,0.028351731,0.028154007,0.027951471,0.027763904,0.02756671,0.027407341,0.027243715,0.027090068,0.026891055,0.026705625,0.026488387,0.026241403,0.026001316,0.025795797,0.025622986,0.025434122,0.025243982,0.025077546,0.024911945,0.024816698,0.024690694,0.024583111,0.02450067,0.024448368,0.024391871,0.024323676,0.024252955,0.024194266,0.024152413,0.024057378,0.023953009,0.023871895,0.02377333,0.023663013,0.023568624,0.023503258,0.023447529,0.02332376,0.023176449,0.023103504,0.02297906,0.022920788,0.022846799,0.022726904,0.022635616,0.022519801,0.022359143,0.022162281,0.022054906,0.02193967,0.021739706,0.021446797,0.021125365,0.020909768,0.020670078,0.020426267,0.020207426,0.019961073,0.019678253,0.019365057,0.019014166,0.018567835,0.018294685,0.017907921,0.017636899,0.017221045,0.016596098,0.015995495,0.015479121,0.015054836,0.014610612,0.014049664,0.013194881,0.012578441,0.011885252,0.011488902,0.011321223,0.011093015,0.010794855,0.010348924,0.009530644,0.008768552,0.00823404,0.007968324,0.00789027,0.007632445,0.007593547,0.007435182,0.007325747,0.007194713,0.00731925,0.006909797,0.006494444,0.003313759,,,,0.01379742,0.022351823,0.024663561,0.025365824,0.025538408,0.025850693,0.027668643,0.028750603,0.028823668,0.030654334,0.031815054,0.032296933,0.033489268,0.03495927,0.036212293,0.0385855,0.040342617,0.041296589,0.042235094,0.043501345,0.044436181,0.044641214,0.044796977,0.044734009,0.044358982,0.044212109,0.044334707,0.044421608,0.04482465,0.045239998,0.045523196,0.045694341,0.045749732,0.046213594,0.046787836,0.047090407,0.047394299,0.047420548,0.04751621,0.047611631,0.047765703,0.047918987,0.047988177,0.048049429,0.048020702,0.047973606,0.048057831,0.048207967,0.048255471,0.048228788,0.048370809,0.048505712,0.048624878,0.048717976,0.048788948,0.048943774,0.049088239,0.049218913,0.049318452,0.049397399,0.04944699,0.049522916,0.049614625,0.049683506,0.049775447,0.049820504,0.049918944,0.050061065,0.050314664,0.050836209,0.051232646,0.051475567,0.051532413,0.051570993,0.051716327,0.051805686,0.051846499,0.051913243,0.052107667,0.052302214,0.052547061,0.052738814,0.052865193,0.053271496,0.053595397,0.053962125,0.054256548,0.054653264,0.055008055,0.055248764,0.055512142,0.055740952,0.05590971,0.0560819,0.056217321,0.056326294,0.056422529,0.056495201,0.056658511,0.05678447,0.05691321,0.056992967,0.057072036,0.057172406,0.057277189,0.057395658,0.057503015,0.057629724,0.057761699,0.057870131,0.058027194,0.058132871,0.058251499,0.058402874,0.058643344,0.05880893,0.05901643,0.059216042,,119,after,,,after,39,,,38.62857143
BP,,0.088057737,0.087392582,0.086671467,0.085834068,0.085030653,0.084266449,0.083578487,0.083032135,0.082338289,0.081613178,0.080875607,0.080240939,0.079607408,0.079073242,0.078547853,0.077928998,0.077274587,0.076593089,0.075855502,0.07506681,0.074240107,0.07344307,0.072603742,0.071663459,0.070471398,0.069167595,0.067635138,0.065913161,0.063934224,0.061328446,0.06107323,0.060745427,0.06045399,0.06018465,0.059988744,0.059852172,0.05972822,0.059601035,0.059422185,0.059149722,0.058922402,0.058666538,0.058461699,0.058308361,0.058293962,0.058196335,0.058098008,0.057939638,0.057760127,0.057610841,0.057398137,0.057149186,0.056733021,0.056261487,0.055829825,0.055485101,0.054916818,0.054418438,0.053793169,0.052990382,0.052363177,0.051704782,0.050848157,0.05003442,0.049320482,0.048891978,0.048508312,0.048068156,0.047647144,0.04722398,0.046711172,0.046308634,0.045886572,0.045537939,0.045117525,0.044744109,0.044287458,0.04374765,0.043242182,0.042589642,0.041778826,0.041125793,0.040556199,0.039886686,0.0392888,0.038463974,0.037554517,0.036947165,0.036741366,0.036279089,0.035860474,0.035158213,0.034044097,0.032970372,0.032243103,0.030863491,0.029213553,0.028441829,0.027954517,0.02763998,0.027573453,0.026849826,0.026274552,0.025652278,0.024890059,0.024561096,0.024153186,0.023048194,0.021823019,0.021110047,0.020064804,0.019764353,0.019533427,0.018717127,0.018172292,0.017131604,0.015113534,0.009453133,,,,0.041860721,0.035385102,0.036751526,0.040101843,0.04385685,0.052285384,0.054671884,0.055711479,0.054975413,0.054788786,0.053353793,0.053317881,0.053912066,0.055255914,0.057300009,0.059017289,0.06130734,0.063799745,0.066052619,0.067783835,0.069137798,0.070231775,0.070285341,0.070465921,0.071509507,0.072990671,0.074456467,0.074919563,0.075479115,0.07615408,0.076846858,0.077777372,0.079105961,0.079852384,0.080883734,0.082120485,0.083509758,0.084216754,0.085377268,0.086236851,0.08663348,0.086867798,0.087041634,0.087583147,0.088240853,0.089201338,0.090587189,0.091456703,0.092895931,0.094305741,0.095643064,0.095966827,0.095970635,0.095743131,0.095497373,0.095284943,0.094959609,0.094612195,0.094242883,0.094043669,0.093723808,0.093411523,0.093057401,0.092643182,0.092117768,0.091623867,0.09104053,0.09049959,0.089926871,0.08937853,0.088813562,0.088276263,0.087763035,0.08738112,0.087048054,0.086733138,0.086509925,0.086346934,0.086373975,0.086535486,0.086705447,0.086799095,0.086883779,0.086924753,0.086904256,0.086848361,0.086820022,0.086783447,0.086801992,0.086883887,0.086856048,0.086816685,0.086775478,0.086752921,0.086677734,0.086545619,0.086393354,0.086294397,0.086164537,0.086041212,0.086027774,0.0859751,0.085936658,0.085912029,0.085867944,0.086006696,0.086160295,0.086421116,0.086697644,0.086916845,0.087216495,0.087531554,0.087816837,0.088189129,0.088796176,0.089588689,0.090320179,0.090930486,,54,after,,,,,,,
BRCD,,0.023783426,0.023697478,0.023606566,0.023489726,0.023356457,0.023179107,0.023069384,0.023009939,0.022978169,0.022971836,0.022950713,0.022879679,0.02278165,0.022706241,0.022649268,0.022587067,0.022512819,0.022391332,0.022287815,0.022147822,0.02199078,0.02190812,0.021843073,0.021731788,0.021625453,0.021545527,0.021438153,0.021316227,0.02119473,0.021090508,0.020933725,0.020792583,0.020704482,0.020573335,0.020458019,0.020352681,0.020213899,0.020069505,0.019951922,0.019831319,0.019693901,0.019537626,0.019341988,0.019200905,0.019008216,0.018833011,0.018658305,0.018525771,0.018392417,0.018236376,0.018080956,0.017909263,0.017719859,0.017493688,0.017364209,0.01720455,0.017022932,0.016881959,0.016743067,0.01658718,0.016443645,0.016301654,0.016142691,0.016068664,0.01601135,0.015980083,0.015873459,0.015733018,0.015553109,0.015431945,0.015213626,0.015005306,0.014857497,0.014625939,0.014259388,0.013867592,0.013512116,0.0131665,0.012924389,0.01273672,0.012610601,0.01243031,0.012393973,0.012347201,0.012266814,0.012164918,0.012055214,0.011948868,0.011817641,0.011623461,0.011375404,0.011127861,0.010800579,0.010583387,0.01034452,0.009929795,0.009747415,0.009455514,0.009239473,0.009251785,0.009076213,0.008970325,0.008901172,0.008879578,0.008802609,0.008782576,0.008779106,0.008560593,0.008602786,0.008413863,0.008099267,0.007680387,0.007217468,0.006403613,0.006457587,0.004955366,0.004175017,0.003516926,,,,0.011428613,0.012807612,0.014014646,0.016099117,0.017628042,0.017696099,0.017671157,0.017827742,0.017629763,0.017151963,0.017126372,0.017312788,0.018268961,0.018494293,0.018420996,0.018279201,0.018251095,0.01837485,0.018758452,0.019103081,0.01953374,0.019755416,0.019852106,0.019882993,0.019849213,0.019788958,0.019959622,0.02034855,0.0206319,0.021115299,0.021414751,0.021659141,0.022194285,0.02287165,0.023562869,0.024148657,0.024820272,0.025349568,0.025974524,0.026374011,0.026672024,0.026886812,0.027292863,0.027922832,0.02855686,0.029240747,0.029811938,0.030186282,0.030547124,0.030889583,0.031160289,0.031420263,0.031593385,0.031693713,0.031744991,0.031806241,0.031839004,0.03188837,0.031921758,0.031934547,0.032027357,0.032093296,0.032143981,0.032097348,0.032095848,0.032123112,0.032049469,0.031997202,0.031978257,0.031983589,0.032083183,0.032114133,0.032267731,0.032456833,0.032569352,0.032571273,0.032641292,0.032697005,0.032750649,0.032849998,0.032897574,0.032906559,0.032977141,0.033103174,0.033200948,0.033268721,0.03351838,0.033743343,0.034027452,0.034247903,0.03443905,0.034656939,0.034826918,0.034979872,0.03511124,0.03534558,0.035545664,0.035710366,0.035831224,0.035923716,0.03600216,0.036034765,0.036040244,0.036067916,0.036118691,0.036222708,0.036310386,0.036367654,0.036447205,0.0365033,0.03654039,0.036571399,0.036594086,0.036657891,0.036704935,0.036748567,0.036758374,0.036769265,,119,after,,,,,,,
CMCSA,,0.084751355,0.084327613,0.084000758,0.083641924,0.083269597,0.082893759,0.082456153,0.082058128,0.081699248,0.081264529,0.080855416,0.080588213,0.080176049,0.079894666,0.079772104,0.079701401,0.079546735,0.079410673,0.079414487,0.079483086,0.079317627,0.079055868,0.078708368,0.078279347,0.077970158,0.077484527,0.077105104,0.076845202,0.076614772,0.076442338,0.076242873,0.076074891,0.075833021,0.075734089,0.07552107,0.075236487,0.074828346,0.074269446,0.073816521,0.073357954,0.072939276,0.072533811,0.071890168,0.071190737,0.070497274,0.069793841,0.069175132,0.068587541,0.06792017,0.06732706,0.066714383,0.066112788,0.065496245,0.065007201,0.064419981,0.063923553,0.063517803,0.063018021,0.062711618,0.062284481,0.061844593,0.061304677,0.060772598,0.060152071,0.05961477,0.059093167,0.058712701,0.058254064,0.057872439,0.057473755,0.056976663,0.056546103,0.056018971,0.055479644,0.055031375,0.054381017,0.053716086,0.053066292,0.052399225,0.052142578,0.0519691,0.051809673,0.051347354,0.051071505,0.050819374,0.050451581,0.049918685,0.049077861,0.047889898,0.046543055,0.04583395,0.044984314,0.044039606,0.043238739,0.042056991,0.040745477,0.039342015,0.037968652,0.036250356,0.034982332,0.033425392,0.031301303,0.029733347,0.02840781,0.027503355,0.026842703,0.026291127,0.025336392,0.024231923,0.022924624,0.022683294,0.022283748,0.021659191,0.02137977,0.01992174,0.018742561,0.018273887,0.009992705,,,,0.087504464,0.117967428,0.152730463,0.146841356,0.138181029,0.133317224,0.127112278,0.122894037,0.118746597,0.114973713,0.111237966,0.108107725,0.109138977,0.109196376,0.109533584,0.116958828,0.12187574,0.125414216,0.125979803,0.124853604,0.124581625,0.125610337,0.127889502,0.130379338,0.132175178,0.133398525,0.1346515,0.13585206,0.136372544,0.13640463,0.136754041,0.137121928,0.137922793,0.139487539,0.140658721,0.141200699,0.141415617,0.141549565,0.141859425,0.14222774,0.142519292,0.142734838,0.142555398,0.142949015,0.143498051,0.143773027,0.143673213,0.143275261,0.14269142,0.141963966,0.141138413,0.140603224,0.140063369,0.139447747,0.138896352,0.138531269,0.138014504,0.137660375,0.137282175,0.13684804,0.136353718,0.13571733,0.135204248,0.134612106,0.134178289,0.133942212,0.133887642,0.133855806,0.134272041,0.134474394,0.134463948,0.134342764,0.134306842,0.13436649,0.134473941,0.134854998,0.135095999,0.135216622,0.135597707,0.136017227,0.13623072,0.136312729,0.136442065,0.136484692,0.136498301,0.13642303,0.136323379,0.136221583,0.13601581,0.13570398,0.135447491,0.135158207,0.134882033,0.134668217,0.134479623,0.134168342,0.133802231,0.133501112,0.133142501,0.132852992,0.132653873,0.132458037,0.132377994,0.13234312,0.132312848,0.132239232,0.132087273,0.13201935,0.131980514,0.131847446,0.13195574,0.131937305,0.131982454,0.13194333,0.131870558,0.131769993,0.131723214,0.131772903,,4,after,,,,,,,
CSCO,,0.050706319,0.050175847,0.049648548,0.049424023,0.049187001,0.048992029,0.048605515,0.048319425,0.04802698,0.047805475,0.047613128,0.047517158,0.047329409,0.04713858,0.046978629,0.046818784,0.046752465,0.046645796,0.046553474,0.046480002,0.046422999,0.046284587,0.046105218,0.04593654,0.045878603,0.045769789,0.045574913,0.045490939,0.045447668,0.045340876,0.045236301,0.045093184,0.045094003,0.045035139,0.045017664,0.044927285,0.044848389,0.044649748,0.044380504,0.044221239,0.044121764,0.043929883,0.043835592,0.043576043,0.04337501,0.043206887,0.043141633,0.043104973,0.043134063,0.043196811,0.043202628,0.043144281,0.043076533,0.043042393,0.042931258,0.042745074,0.042475131,0.042265406,0.04205422,0.041813127,0.041494963,0.041217268,0.040847012,0.040560134,0.040156302,0.039883756,0.039651472,0.039325687,0.039080648,0.038877521,0.03864601,0.038460621,0.038434892,0.03840572,0.038360479,0.03831112,0.038320475,0.038285773,0.038079571,0.037714718,0.037458903,0.037181073,0.036772026,0.036279845,0.035739533,0.035184056,0.034614612,0.033835776,0.033132434,0.032410265,0.031523665,0.030639882,0.029787425,0.029340913,0.028971979,0.028615036,0.028169352,0.027407864,0.026345868,0.025501194,0.024712818,0.02382031,0.023531858,0.023023709,0.022471463,0.022129595,0.022161596,0.022002463,0.021388925,0.021338555,0.020506486,0.019246699,0.017981302,0.016141071,0.014796158,0.013719663,0.011379274,0.005820605,,,,0.029486353,0.027096879,0.030454736,0.033029422,0.036111099,0.03724683,0.039025302,0.042211279,0.043674211,0.044695467,0.045658681,0.046683905,0.048498225,0.051315317,0.052370146,0.054010964,0.055573241,0.056247361,0.056418189,0.057052896,0.057020765,0.056710877,0.056722774,0.056805065,0.056674235,0.056680981,0.056629565,0.056901516,0.056670868,0.056359765,0.056038887,0.05581209,0.055683221,0.055583314,0.055549904,0.055360097,0.055276092,0.055179613,0.05506049,0.055009824,0.055014851,0.054946158,0.054808204,0.054693488,0.054755948,0.054949625,0.055340681,0.055444235,0.055565412,0.055709256,0.055814014,0.055876447,0.055910995,0.055900069,0.055888391,0.055892449,0.055837108,0.055871368,0.055908863,0.055836538,0.055796019,0.055741195,0.055807374,0.055948908,0.055875225,0.055792545,0.055708759,0.055643422,0.055561065,0.055532152,0.055462783,0.055384238,0.055312019,0.055375704,0.055492709,0.055691531,0.055936968,0.056231591,0.056662611,0.056902302,0.057202188,0.057390209,0.057468328,0.057496515,0.057548126,0.057564302,0.05757646,0.057597126,0.057567085,0.057558155,0.057523367,0.057522753,0.057558875,0.057578032,0.057610852,0.057653792,0.057644267,0.057615441,0.057544503,0.057481561,0.05740078,0.057346484,0.057282039,0.05724495,0.057183799,0.057120736,0.057051843,0.05697221,0.056890384,0.056802807,0.056723301,0.05665314,0.056585024,0.056527096,0.056461343,0.056383193,0.056290129,0.056203356,,97,after,,,,,,,
EBAY,,0.098262152,0.097804604,0.097393434,0.097063956,0.096742617,0.096423527,0.096062072,0.095649789,0.095154227,0.094613828,0.094083467,0.093577771,0.093106706,0.092613547,0.092153557,0.091619673,0.09105884,0.090554047,0.090115562,0.089665825,0.089196113,0.088810371,0.088384194,0.087843378,0.087301798,0.086717465,0.086075396,0.085421346,0.084977773,0.084651296,0.084445165,0.084148458,0.083809727,0.083553677,0.083304853,0.08301172,0.082663622,0.082361712,0.082225826,0.081838862,0.081437801,0.081023078,0.080649117,0.080245811,0.079792307,0.079212164,0.078580061,0.077550565,0.076557193,0.075466159,0.074366803,0.073411889,0.072394905,0.071641979,0.07105375,0.070545696,0.070099026,0.069935185,0.069804946,0.069652253,0.069365347,0.069085883,0.068776976,0.068515353,0.068280143,0.068101151,0.067919637,0.067632791,0.067444933,0.067136672,0.067007409,0.067052628,0.067033247,0.06674178,0.066104314,0.06555312,0.065221282,0.064609534,0.063747289,0.063215615,0.062783877,0.062447128,0.061858613,0.06133646,0.060592634,0.059969883,0.059209573,0.058622109,0.058220488,0.058125956,0.057994489,0.057365079,0.056791714,0.056113682,0.055204219,0.054533025,0.053197577,0.051519124,0.049849507,0.048598917,0.047523914,0.046186609,0.044963053,0.043132436,0.041821645,0.040227533,0.038518599,0.036558323,0.034550417,0.032946297,0.028959653,0.027180761,0.024703921,0.02432426,0.022281356,0.020255374,0.016032978,0.007997041,,,,0.070742105,0.124827399,0.171261002,0.179036695,0.172919479,0.171605409,0.172684199,0.179308312,0.185142184,0.193828938,0.202108968,0.208423668,0.213583748,0.21897521,0.220397525,0.217390128,0.21577296,0.214271534,0.21298476,0.210594817,0.210992595,0.210277601,0.210528074,0.210461403,0.211187607,0.212682433,0.214354721,0.214339564,0.214796515,0.216751612,0.216887927,0.216114206,0.215871417,0.216179401,0.216986782,0.216933432,0.217187955,0.218366313,0.219089396,0.219617967,0.2212228,0.222319061,0.223032417,0.224200708,0.224490965,0.224004583,0.223590686,0.224189747,0.224757212,0.225147863,0.226001452,0.226906239,0.227073271,0.227396272,0.227206501,0.226737205,0.227232851,0.227923289,0.228075942,0.229691686,0.231520196,0.232573669,0.234114973,0.236193369,0.239807602,0.242086121,0.243898025,0.245102933,0.245713951,0.245970087,0.246355767,0.246891321,0.247604872,0.248723889,0.249741712,0.250778245,0.251643904,0.252487094,0.253910762,0.254840567,0.255909248,0.256816082,0.257533162,0.258304132,0.258916441,0.259040272,0.25898171,0.25900828,0.259202799,0.259795713,0.260379491,0.261092982,0.261951193,0.262968974,0.264388278,0.265426823,0.266367069,0.267082856,0.267801873,0.268423527,0.268890913,0.269444473,0.26984032,0.270260129,0.270826949,0.271328318,0.272097776,0.27282552,0.273483018,0.274269803,0.274857769,0.275273606,0.275672114,0.27585072,0.275915931,0.275734438,0.275634871,0.275337349,,116,after,,,,,,,
FITB,,0.035289788,0.035168599,0.03504765,0.034849009,0.034624547,0.034411042,0.034181823,0.033862916,0.033634708,0.033353872,0.033079647,0.032743814,0.032385474,0.032068563,0.031723575,0.031444114,0.031152751,0.030851362,0.030607638,0.030354482,0.030144649,0.029905057,0.029720158,0.029521457,0.029305259,0.02915167,0.029040198,0.028881405,0.028691822,0.028563364,0.02845221,0.028314355,0.028225901,0.028177235,0.028126719,0.028087482,0.028019618,0.027961783,0.027920218,0.027876861,0.027821815,0.027706402,0.0275922,0.027506625,0.027472671,0.027479239,0.027394718,0.027277211,0.027191143,0.027149888,0.027173747,0.027158745,0.027098642,0.027082243,0.027051991,0.027031346,0.027007345,0.027018563,0.027041395,0.026987491,0.026910326,0.026795779,0.026727981,0.026633539,0.026493085,0.026290782,0.02610944,0.025967541,0.025787307,0.025585979,0.025551254,0.025474763,0.025379,0.025258409,0.025112968,0.024979242,0.02474076,0.024443717,0.024195614,0.023911081,0.023525903,0.023164169,0.022809092,0.022515294,0.022304472,0.022086909,0.02184726,0.021641284,0.021543781,0.021403386,0.021348139,0.021211147,0.021026852,0.020913916,0.020629939,0.020155169,0.019633065,0.019159922,0.018825458,0.018385035,0.01819247,0.017480164,0.016542911,0.01569219,0.014970768,0.0146415,0.01407499,0.013773536,0.013354501,0.0134064,0.013232812,0.012878478,0.01239664,0.011878124,0.009961104,0.009211524,0.008127048,0.004730881,,,,0.039774756,0.054398857,0.064977927,0.075938553,0.077107714,0.077494334,0.07857469,0.07733623,0.074874652,0.072170732,0.070596527,0.068766456,0.067777684,0.067373988,0.066687438,0.066018568,0.065418738,0.065168799,0.065612511,0.066749486,0.067520995,0.06859613,0.069414076,0.069688652,0.069584066,0.069228958,0.069139922,0.069239219,0.069772724,0.070869456,0.071500962,0.071459623,0.072167451,0.072514438,0.072759089,0.07303675,0.073837882,0.074428996,0.074818425,0.07528465,0.075773263,0.076218036,0.076914827,0.07752987,0.077939086,0.078327524,0.079241128,0.079780672,0.080363333,0.08084187,0.081113098,0.081594647,0.082054855,0.083137242,0.084265496,0.085227479,0.086038867,0.086834512,0.087470933,0.087966228,0.088188255,0.088517779,0.08878684,0.089016757,0.089360037,0.089838739,0.090164779,0.090493746,0.090821007,0.091022072,0.091119355,0.09116487,0.091495026,0.091833628,0.092022989,0.092245431,0.092357625,0.092451618,0.092543853,0.092667786,0.092719669,0.092956274,0.093276498,0.093353113,0.093373308,0.093638281,0.094014207,0.094439559,0.094577846,0.094640257,0.094675492,0.094725338,0.094682328,0.094512517,0.094318059,0.094127263,0.093954327,0.093838301,0.093780143,0.093783709,0.09392441,0.093979475,0.09410773,0.094159671,0.094198053,0.094203513,0.094139161,0.09399221,0.093821724,0.093699688,0.093576776,0.093394637,0.093236138,0.093079249,0.092940973,0.092802666,0.092619282,0.092406345,,93,after,,,,,,,
GLW,,0.036956437,0.036710777,0.036433558,0.036225734,0.036080999,0.035895451,0.035731722,0.035637247,0.035533346,0.035377882,0.035190092,0.035005181,0.03480453,0.034657128,0.03461056,0.034550348,0.034457299,0.034383046,0.034274643,0.034142209,0.033992945,0.03383909,0.033658587,0.033433996,0.033181725,0.032936898,0.032720317,0.032509988,0.032278609,0.031984197,0.031693491,0.031371781,0.031045894,0.030630886,0.030267698,0.029962465,0.029630739,0.029244311,0.028877154,0.028597003,0.028380772,0.028208186,0.028054792,0.027926291,0.027794866,0.02765986,0.027509565,0.027353272,0.027174378,0.026993759,0.026788651,0.026705402,0.026671961,0.026673214,0.026642678,0.026606813,0.026518875,0.026297001,0.026027054,0.025661577,0.025436151,0.02513767,0.024832536,0.024543729,0.024357261,0.024231465,0.024169484,0.024040211,0.024005696,0.023900895,0.023806434,0.02366929,0.023621183,0.023587823,0.023563205,0.023533553,0.023390675,0.023399378,0.023415036,0.023410632,0.023396233,0.023355816,0.023311128,0.023174303,0.023038741,0.022868607,0.022551089,0.022398398,0.022218151,0.021936106,0.021555921,0.021142274,0.020912026,0.020758595,0.020591696,0.020378403,0.020378534,0.02044106,0.020460626,0.020216541,0.019767,0.019294617,0.018938584,0.018767937,0.018365995,0.01779803,0.017115779,0.016438092,0.015615611,0.014603097,0.013519048,0.012311152,0.011392121,0.010121479,0.00884993,0.007568566,0.005939392,0.004656803,,,,0.063206506,0.073836856,0.068972834,0.062772732,0.061315196,0.060816651,0.062847804,0.067191727,0.071330529,0.070937486,0.070816127,0.069129215,0.06760865,0.067512342,0.07152389,0.073368752,0.075666105,0.077159618,0.078734558,0.079057011,0.079893513,0.081052288,0.082729486,0.08355416,0.085499676,0.087257962,0.0876721,0.087900781,0.088408766,0.088764726,0.089328258,0.089878784,0.09050633,0.090661633,0.090209366,0.090311655,0.09062155,0.090629861,0.090522244,0.091020841,0.091590086,0.092952723,0.094950223,0.096988725,0.098662422,0.099881317,0.101493004,0.103333539,0.104704672,0.105669809,0.107308592,0.108882639,0.110043593,0.11120801,0.112474688,0.113795698,0.114932001,0.116063371,0.117090198,0.11825006,0.119280931,0.120579714,0.12202197,0.123511316,0.125191345,0.126682491,0.127986491,0.129072801,0.12998256,0.13090656,0.131836485,0.132724754,0.133327152,0.134111814,0.13490048,0.135823343,0.136678506,0.137446891,0.138339014,0.139389389,0.140481949,0.141518858,0.142534503,0.143779669,0.145032218,0.146144188,0.146869104,0.147529256,0.148142512,0.148596249,0.148905906,0.149464677,0.149755984,0.150040188,0.150246504,0.150453403,0.150584417,0.150649663,0.150807024,0.150886432,0.150974318,0.150944474,0.150927203,0.150898019,0.150896107,0.150900501,0.150807646,0.150698982,0.15064878,0.150543063,0.150493631,0.150359071,0.150191179,0.150030231,0.149927522,0.149820251,0.149716257,0.14968272,,102,after,,,,,,,
GOOG,,1.683747317,1.667485285,1.650079772,1.634859164,1.619886002,1.606266562,1.59569808,1.586588827,1.577797098,1.568095228,1.559591401,1.552279472,1.545138248,1.541234953,1.53955029,1.538861681,1.537128974,1.535029284,1.533593722,1.52968424,1.525609854,1.521149567,1.516761635,1.510738252,1.505445058,1.499764914,1.494540895,1.491486484,1.487999024,1.482119341,1.474901056,1.466443225,1.459568238,1.451597887,1.440044684,1.428555534,1.417089061,1.404301166,1.394615728,1.384328468,1.373315256,1.363662337,1.355005898,1.344721572,1.334412666,1.322617374,1.310402602,1.296881299,1.278906894,1.267466853,1.25716289,1.241414203,1.229752461,1.218214021,1.204691314,1.192489336,1.177307723,1.160069504,1.140649784,1.118555327,1.100534655,1.080771366,1.059976348,1.03732435,1.007781667,0.988437673,0.968771095,0.955299897,0.948414158,0.942840497,0.934906388,0.926675099,0.91922251,0.913616706,0.909461819,0.90115331,0.891203906,0.882434548,0.872253606,0.867039452,0.865934743,0.862657188,0.859901386,0.854895493,0.848664898,0.839894762,0.833752227,0.821440014,0.814151855,0.806152146,0.795506423,0.787836637,0.779328895,0.76643513,0.751467425,0.730784697,0.705962993,0.679931011,0.65833965,0.636484079,0.615616178,0.599475374,0.590705183,0.57881191,0.557718617,0.531339672,0.501214972,0.48322401,0.460285354,0.450319249,0.435880145,0.433162275,0.413619077,0.393181662,0.379911089,0.349783429,0.29219665,0.154660324,,,,0.470213153,0.578808239,0.593369871,0.636769396,0.721380331,0.76251488,0.811333217,0.881800044,0.932061842,0.96378192,0.98587459,1.00238806,1.012128663,1.027551158,1.031485532,1.03880002,1.046782275,1.051117395,1.057267463,1.076319493,1.090176135,1.100253078,1.108154651,1.116956298,1.131749825,1.14649062,1.168030962,1.187428113,1.190148428,1.19368173,1.202340282,1.21021458,1.221461648,1.228834299,1.23573351,1.241576238,1.243393086,1.240991037,1.239549744,1.237311259,1.238990959,1.242182444,1.245990684,1.249253413,1.253479926,1.263369394,1.272094009,1.279625138,1.287301483,1.29336716,1.298834638,1.302237648,1.305056167,1.309097221,1.311817486,1.314184509,1.31860839,1.325148947,1.331081568,1.337604538,1.340341843,1.340469854,1.33955881,1.338671181,1.337548491,1.335882457,1.335283975,1.333403501,1.331711077,1.330198475,1.329391375,1.328565684,1.326357414,1.32354626,1.320498735,1.318437767,1.316888709,1.315220699,1.31462541,1.314185976,1.313422501,1.313040827,1.312195998,1.31121467,1.309381062,1.307067662,1.304734706,1.30171346,1.298768339,1.296416177,1.293672726,1.292199122,1.290833659,1.289402112,1.287533841,1.285805737,1.284162669,1.283098969,1.28317454,1.283172974,1.282936384,1.283974372,1.284767163,1.28572167,1.287119246,1.288827998,1.290270571,1.291524006,1.293627102,1.296918487,1.300440788,1.303328891,1.305255778,1.306817374,1.310362718,1.313770871,1.317607378,1.319451423,,-119,before,,,,,,,
HBAN,,0.038700965,0.0387587,0.038807625,0.038851487,0.038901283,0.038918306,0.038974543,0.039008678,0.039041101,0.039061476,0.039070117,0.039054579,0.039052226,0.039071472,0.039108841,0.039152793,0.039213875,0.039265582,0.039316279,0.039365044,0.039411462,0.039427334,0.039428768,0.039441227,0.039447343,0.039440012,0.039432728,0.039427596,0.039416015,0.039392702,0.039384968,0.039357132,0.039323686,0.039293852,0.039253499,0.03926352,0.039215768,0.039159749,0.039108851,0.039089614,0.039035145,0.038997534,0.038894398,0.038787953,0.038741233,0.03866859,0.03860678,0.03858476,0.038564974,0.038541507,0.038535301,0.038518469,0.038520138,0.038510394,0.038520929,0.038545639,0.038636814,0.038715828,0.038816594,0.038926422,0.038999077,0.039018193,0.039040057,0.039056734,0.039121239,0.039185303,0.039235218,0.039253733,0.039200965,0.039089988,0.039021592,0.038906182,0.038767461,0.038587624,0.038435783,0.038273959,0.038074441,0.037816203,0.037476824,0.037090007,0.036522509,0.035845781,0.035123969,0.03435595,0.033461382,0.032421295,0.03116114,0.029567853,0.02742882,0.024110535,0.023577407,0.023026656,0.022270249,0.021557467,0.020610747,0.019583806,0.018542653,0.017718347,0.017254514,0.016788898,0.016344795,0.015594122,0.014217533,0.013291944,0.01294834,0.012575628,0.012316673,0.012222019,0.011775088,0.0112595,0.01121058,0.010854055,0.010646356,0.01015524,0.009844717,0.009222632,0.007635725,0.005552472,,,,0.008335021,0.009442738,0.009113914,0.00927918,0.008976223,0.010103139,0.010405208,0.0107257,0.011684516,0.012109827,0.01250584,0.013048763,0.014125489,0.014922862,0.015934542,0.017857087,0.018625164,0.018806924,0.019192552,0.019485209,0.020370744,0.020808244,0.021152488,0.021470387,0.021632856,0.021822438,0.021723918,0.021782799,0.021839693,0.021873053,0.021815345,0.021798505,0.021882617,0.02210137,0.022399054,0.022959473,0.023599576,0.02431528,0.02489196,0.025463383,0.026297718,0.027071294,0.027553574,0.028086295,0.028454647,0.028827587,0.029047378,0.029365182,0.029669537,0.029835555,0.03017219,0.03038698,0.030539364,0.030835566,0.031083234,0.031363895,0.0316614,0.031921512,0.032101456,0.032229725,0.032309756,0.032367565,0.032412228,0.032507311,0.032622098,0.032689731,0.032740563,0.032838935,0.032849658,0.032987054,0.033073672,0.033195948,0.03334972,0.033475328,0.03359329,0.033672954,0.033751429,0.033782497,0.033805871,0.033863523,0.033940152,0.033993028,0.034007779,0.034058429,0.034080331,0.034095628,0.034090597,0.034107111,0.034080554,0.03408556,0.03410323,0.034103697,0.034075878,0.034034415,0.03400014,0.033958333,0.033946226,0.033934115,0.033911132,0.033882587,0.033838414,0.033811306,0.033749581,0.033722707,0.03368642,0.033660613,0.033652495,0.033671791,0.033675664,0.033641571,0.033600583,0.033626161,0.033701988,0.0337639,0.033814207,0.03386542,0.033911484,0.0339666,,-95,before,,,,,,,
HPQ,,0.069803467,0.069413701,0.069092176,0.068687611,0.068259717,0.067822713,0.067484797,0.067162003,0.066854916,0.066623721,0.066424692,0.066169507,0.065900986,0.065574539,0.065257902,0.064945165,0.064614988,0.06423059,0.063810934,0.063350317,0.062868251,0.062386482,0.062008064,0.061626655,0.061094884,0.060500149,0.06005061,0.059578499,0.059058668,0.058556507,0.057872915,0.057204509,0.056581541,0.056038075,0.055500789,0.055040119,0.054608087,0.054104955,0.053666762,0.053289613,0.052838514,0.052465301,0.052165741,0.051853158,0.05162644,0.051434404,0.051175198,0.050923057,0.050530686,0.050131972,0.049787458,0.049471097,0.049169396,0.048788279,0.048425619,0.048018168,0.047519601,0.047103072,0.046694005,0.04612812,0.045621113,0.044977779,0.044510608,0.044045336,0.043677877,0.043325136,0.043080723,0.043095855,0.043059346,0.043103146,0.043170114,0.043251561,0.043464323,0.043648783,0.04373617,0.0438027,0.043878835,0.043931557,0.043949298,0.043945387,0.043951558,0.044060158,0.044171713,0.044369865,0.044712331,0.044805154,0.044735747,0.044703971,0.044637315,0.044430179,0.044084816,0.043537036,0.043080037,0.042624662,0.042068986,0.041647268,0.040998533,0.040006831,0.038526323,0.036528747,0.035032706,0.033541038,0.03182374,0.029609768,0.026715079,0.024881072,0.023971643,0.022507717,0.020310646,0.018746342,0.017227488,0.016418422,0.015536749,0.01400379,0.012997678,0.010454361,0.008998209,0.004949747,,,,0.060369242,0.080279175,0.091683249,0.099416236,0.117986281,0.125688189,0.133930757,0.132491849,0.136818855,0.139692032,0.137390917,0.136961484,0.137735152,0.139416621,0.141583467,0.141775642,0.143190223,0.144792433,0.144122588,0.144784069,0.144350726,0.143267263,0.142061232,0.141968493,0.142500807,0.142755348,0.142618172,0.142354052,0.142871852,0.143398449,0.143341934,0.143616159,0.144271886,0.146327776,0.148247783,0.150526533,0.152481667,0.154910568,0.157963408,0.160563448,0.162927437,0.164437231,0.166170735,0.167466367,0.168682607,0.170652335,0.172067656,0.172627186,0.172969449,0.173299424,0.174217685,0.175321164,0.175613416,0.176113869,0.176481883,0.177043537,0.177561844,0.178020709,0.178637916,0.178777337,0.178761496,0.178671854,0.178642505,0.178648995,0.178836961,0.178777311,0.178923452,0.179120087,0.179314734,0.179293986,0.17917842,0.179225924,0.179430958,0.179470296,0.179391427,0.179519373,0.17938136,0.17941606,0.179776554,0.179954275,0.180120379,0.180282355,0.180629325,0.181003851,0.181178286,0.181583763,0.182122333,0.182448616,0.182705632,0.183113618,0.183334996,0.18361533,0.184350115,0.184799942,0.185067919,0.185611148,0.186237631,0.187051431,0.187685423,0.188198234,0.18828426,0.1882223,0.188141325,0.188001647,0.187797908,0.187638646,0.187382114,0.187152231,0.187007932,0.186948325,0.186786739,0.186690564,0.186610192,0.186561999,0.186535988,0.186500922,0.186502095,0.186559701,,102,after,,,,,,,
INTC,,0.064908376,0.064543469,0.064234972,0.063803294,0.063463431,0.063087911,0.062802527,0.062449597,0.062135389,0.061662181,0.061189716,0.060752614,0.06017955,0.059799848,0.059511665,0.059268188,0.059146823,0.059097977,0.058833573,0.058411557,0.058057396,0.05738315,0.05674644,0.056303706,0.055861186,0.055531488,0.055314358,0.055156123,0.05507345,0.054928425,0.054766329,0.054685414,0.054641141,0.054558016,0.054555193,0.054538953,0.05444898,0.054359394,0.054304278,0.054171842,0.054055226,0.053888404,0.053701119,0.053458309,0.053101786,0.052642506,0.052218235,0.051756142,0.05143937,0.050971997,0.050639895,0.050330067,0.050084176,0.049736331,0.049244535,0.048744572,0.04823707,0.047803927,0.047367288,0.046923556,0.046355034,0.045912672,0.045437202,0.044970324,0.044411643,0.044020303,0.043397678,0.042963238,0.042629952,0.042257164,0.041784178,0.041432741,0.041253011,0.040919497,0.040346033,0.039925375,0.039599415,0.039249477,0.038997444,0.038727517,0.038275261,0.037945949,0.037447753,0.036759076,0.036161665,0.035697373,0.035178545,0.03485558,0.034471747,0.03416979,0.033889802,0.033677398,0.033367426,0.032834734,0.032349824,0.03171355,0.031341354,0.030737975,0.030160323,0.029788923,0.029391608,0.028736829,0.027423398,0.026743691,0.026092163,0.025296866,0.024827227,0.024267399,0.023245289,0.022954079,0.02247115,0.022201058,0.021676672,0.021024831,0.019934919,0.015788561,0.011685818,0.006360594,,,,0.059989172,0.057184486,0.06535119,0.08074153,0.088223402,0.090744802,0.091205068,0.092924455,0.09514659,0.096677304,0.09631565,0.095914197,0.097674003,0.098241656,0.098947014,0.10195123,0.103621061,0.1051518,0.10857791,0.111513063,0.113761633,0.114021718,0.114181418,0.114736614,0.116140163,0.11890291,0.12055518,0.121181936,0.121816333,0.122936708,0.123760732,0.123663892,0.123859481,0.124884192,0.125665771,0.126779509,0.126784672,0.126962189,0.127175458,0.127199053,0.127270696,0.127414948,0.127760108,0.12833404,0.129218666,0.130178483,0.130646273,0.131241856,0.131732525,0.131949659,0.131788573,0.131832115,0.131776169,0.131681647,0.13162607,0.1318243,0.132106412,0.132365837,0.132359383,0.132340027,0.132306573,0.132379426,0.132385897,0.132363153,0.13232044,0.132381671,0.132455464,0.132378274,0.132241916,0.132065419,0.131845075,0.131738508,0.131501292,0.131267886,0.13114773,0.131080309,0.131007085,0.130871002,0.130771246,0.130692783,0.130328574,0.130033097,0.129734454,0.129416121,0.129135347,0.128829859,0.128487999,0.128169489,0.12782508,0.127565385,0.127270175,0.126898107,0.126576737,0.126269648,0.126020341,0.125723439,0.125444375,0.12517317,0.124921993,0.124654051,0.124444928,0.124288847,0.124175317,0.124122524,0.123922113,0.123742113,0.123579083,0.123381604,0.123121391,0.12287335,0.122648405,0.122496621,0.122339093,0.122232038,0.122094735,0.12196086,0.121829057,0.121686924,,68,after,,,,,,,
LMT,,0.334624136,0.333739504,0.332816566,0.331772726,0.330678494,0.329457799,0.328145988,0.326744769,0.325240219,0.323714644,0.322090323,0.320553483,0.318923341,0.316997427,0.314759883,0.312478274,0.310030653,0.307515611,0.304870696,0.30201971,0.298940307,0.295596767,0.29193152,0.287878131,0.283438517,0.278594772,0.273149915,0.26675225,0.259366724,0.25057717,0.250281668,0.249971403,0.249324838,0.248237605,0.246998184,0.245417608,0.243186801,0.241874042,0.24111937,0.240576287,0.240185461,0.239571446,0.238761584,0.237735867,0.23688848,0.236473516,0.236257202,0.235698747,0.235025314,0.233110566,0.23107343,0.228662485,0.226501687,0.224398021,0.221910303,0.219862504,0.217663834,0.21533137,0.212767461,0.209205694,0.207786575,0.206462175,0.205728059,0.204970276,0.203930811,0.202954216,0.20229339,0.202267723,0.201889912,0.201973464,0.201572769,0.201417101,0.201146601,0.200577134,0.200071441,0.199497457,0.199080705,0.198748436,0.198070329,0.197594338,0.196853178,0.195342506,0.193260436,0.190699878,0.189159154,0.186881067,0.183187379,0.180396883,0.177586061,0.173101492,0.169966053,0.168879436,0.169101913,0.167504868,0.163952284,0.159555065,0.149600525,0.136398159,0.128327115,0.124292955,0.120239261,0.119683115,0.120101723,0.119498352,0.115433301,0.107904537,0.101952076,0.096660711,0.094225816,0.094418279,0.092956899,0.089706131,0.083758198,0.07388151,0.060469479,0.05811883,0.050160431,0.040305087,,,,0.067340136,0.081641485,0.082043777,0.079463591,0.080837019,0.079617298,0.075873638,0.074966005,0.083118517,0.08187061,0.083330163,0.084047598,0.085861354,0.087162082,0.089744611,0.089638615,0.099515807,0.104082241,0.105661638,0.106454043,0.106481501,0.1077932,0.106838204,0.105644319,0.105264272,0.107429898,0.107815984,0.108797128,0.108333488,0.107967843,0.109855917,0.111022024,0.111276866,0.110834544,0.110807324,0.110181849,0.109857145,0.109639327,0.109424843,0.109249066,0.109734187,0.111002046,0.111875,0.112866524,0.113506433,0.114637149,0.116429095,0.117360823,0.119004051,0.120472831,0.121555806,0.123109377,0.125439764,0.127534147,0.129177554,0.130704028,0.133244518,0.135257528,0.136404809,0.144604641,0.149031436,0.154150833,0.159988986,0.165600735,0.170676325,0.174700087,0.178195257,0.181554019,0.185188805,0.188602076,0.191473674,0.194188846,0.196491511,0.198036481,0.199360208,0.201033443,0.20350101,0.205515632,0.20709706,0.208689424,0.21054381,0.212482631,0.214268773,0.21603881,0.217492152,0.218769696,0.21980095,0.220548653,0.221093314,0.221782212,0.222442485,0.223155594,0.223947199,0.224959745,0.2258373,0.227132732,0.228537444,0.229698716,0.230600752,0.231739692,0.233228,0.234465729,0.235831971,0.237203893,0.238639411,0.24066094,0.242640434,0.244573046,0.246268704,0.247837735,0.249279639,0.250985689,0.252727535,0.25439526,0.256065041,0.257277454,0.257919308,0.258112233,,-119,before,,,,,,,
LVLT,,0.127439004,0.127106407,0.126810564,0.126411873,0.126209359,0.125831727,0.125504676,0.12519502,0.124918071,0.124652285,0.124404134,0.124220903,0.124054915,0.12390628,0.123807408,0.123618253,0.123386156,0.122917604,0.122574996,0.122171068,0.121764963,0.121354778,0.120855745,0.120213213,0.11962507,0.119130884,0.118746299,0.118431137,0.117943976,0.117262178,0.11656605,0.11580226,0.115129749,0.114592119,0.11406218,0.113676705,0.113472313,0.113161408,0.112874914,0.112405059,0.111894888,0.111439036,0.111123774,0.110931564,0.110644723,0.110480817,0.110198794,0.109850144,0.109458972,0.108784484,0.108265508,0.107546076,0.106698112,0.105763009,0.104898401,0.104436041,0.104012762,0.103431363,0.1028296,0.102046195,0.100741214,0.099984676,0.099432633,0.098913392,0.098513767,0.098162923,0.097719157,0.097318244,0.097201057,0.097114281,0.096934997,0.096760617,0.096364522,0.095491734,0.094797716,0.093834205,0.092397612,0.090674005,0.089331198,0.088350679,0.087376893,0.086389591,0.085474168,0.084971404,0.084320433,0.083522128,0.082591398,0.081265031,0.079354943,0.076870778,0.075811131,0.07510332,0.074353149,0.072473401,0.07143763,0.069193192,0.066781992,0.063381937,0.059833018,0.056088823,0.053325519,0.052116006,0.050208774,0.049128831,0.048550094,0.047647411,0.046727296,0.045503679,0.043442797,0.040377452,0.038536812,0.036521476,0.034608437,0.031629721,0.029224917,0.028584594,0.023638775,0.016499158,,,,0.027135223,0.070932095,0.121671513,0.140509292,0.161937461,0.195712179,0.209893377,0.216811653,0.215672961,0.212657937,0.21652954,0.21743901,0.220641807,0.221197339,0.22018638,0.21751401,0.215410645,0.214095666,0.212853703,0.212926132,0.211364845,0.212903271,0.215710992,0.221978056,0.229161598,0.233227347,0.237084302,0.243694039,0.251335752,0.262067292,0.272224196,0.281389961,0.291404953,0.29927242,0.304394688,0.307730401,0.310026814,0.312095588,0.313181532,0.313897057,0.314494512,0.314393912,0.314652369,0.315129811,0.314900596,0.314446256,0.313327042,0.312394873,0.310602883,0.309632922,0.30898642,0.308582372,0.307775048,0.306908275,0.305874544,0.304556732,0.303272862,0.301907962,0.30054164,0.299580042,0.298333058,0.297301347,0.296525539,0.295363108,0.294300227,0.293464713,0.292663295,0.291897561,0.291039032,0.290355015,0.289366334,0.288778232,0.288482274,0.288359856,0.288241138,0.288044707,0.287711803,0.287056611,0.286456658,0.286060639,0.285970524,0.285962205,0.286556522,0.28723845,0.288034352,0.288145348,0.288447423,0.288492262,0.28862652,0.288936213,0.289534554,0.289299541,0.289197175,0.289031601,0.288681784,0.2886551,0.288989508,0.288988514,0.288982937,0.288759407,0.288522064,0.288490629,0.288545256,0.288384622,0.288211996,0.2880092,0.287878787,0.28792159,0.288108135,0.288370057,0.288673664,0.288873517,0.289231855,0.289929073,0.290461034,0.291026868,0.291877587,0.29184801,,45,after,,,,,,,
MGM,,0.134248336,0.133597563,0.132910586,0.132150638,0.131339541,0.130478979,0.129586467,0.128667684,0.127693464,0.126572853,0.125412042,0.124234479,0.122968726,0.121575118,0.12012331,0.118618177,0.116987845,0.115237665,0.113402989,0.11142204,0.109238497,0.10683719,0.104307817,0.10146516,0.098141332,0.09443616,0.090139151,0.085234963,0.079534752,0.071949217,0.070020466,0.067973774,0.066211099,0.065189949,0.064019138,0.063410247,0.062910386,0.062416149,0.061883676,0.060978975,0.060328526,0.059874984,0.059183538,0.058485226,0.057740496,0.056988328,0.056282632,0.055734448,0.055153564,0.05460559,0.053867715,0.053112674,0.052386919,0.051927972,0.051515511,0.051044556,0.050760152,0.050553195,0.05031608,0.05005049,0.049863319,0.049696349,0.049560255,0.049471023,0.049440237,0.049242568,0.048913497,0.048563143,0.048300367,0.047721335,0.047353388,0.047098771,0.046991122,0.046760683,0.046224385,0.045790987,0.045342842,0.044934441,0.044349718,0.043743226,0.043170704,0.042370315,0.041543964,0.040535459,0.03973195,0.039047487,0.038279958,0.037593847,0.037189848,0.036678651,0.035995192,0.035280078,0.034456013,0.033426356,0.032000053,0.031173261,0.030694513,0.029915046,0.029372279,0.028860055,0.027942234,0.027750384,0.027616101,0.027221733,0.026194553,0.024918379,0.023120234,0.021731374,0.020729406,0.019760756,0.018822068,0.016429549,0.015067634,0.014626857,0.013135926,0.011626134,0.011869032,0.008319111,,,,0.007672109,0.008670446,0.012658451,0.01481754,0.017971707,0.018274557,0.01891514,0.018977366,0.020030072,0.023906112,0.029021164,0.030948304,0.032059001,0.03356666,0.035237321,0.036267133,0.037027695,0.039324622,0.039758824,0.041112006,0.04251216,0.043711132,0.044027111,0.044120709,0.046246532,0.048330176,0.051322706,0.053867152,0.056516255,0.058211124,0.059337959,0.060576562,0.061690432,0.062410118,0.063703502,0.065036046,0.06603238,0.066851294,0.067814357,0.06852634,0.069017242,0.069761106,0.07032091,0.070767171,0.071643157,0.072798673,0.073788439,0.074724838,0.075482148,0.076269066,0.076660309,0.077249234,0.077872085,0.078609143,0.079364838,0.080059308,0.080517937,0.080717798,0.080802731,0.080776824,0.080769009,0.080881735,0.0810203,0.081421328,0.081935937,0.08249679,0.082946606,0.083515409,0.084041216,0.084748702,0.085305592,0.085864,0.086226285,0.086687913,0.087127913,0.087575301,0.088066145,0.088571642,0.088955998,0.089276399,0.08940097,0.089507008,0.089617936,0.089765172,0.089860469,0.090060076,0.0902518,0.090357678,0.090487786,0.090529907,0.090621234,0.090717635,0.090774166,0.090870534,0.090951505,0.091044638,0.091102207,0.091137594,0.091139936,0.091146547,0.091073428,0.090991853,0.090911688,0.090838502,0.090724638,0.090648859,0.090608296,0.090636748,0.090671619,0.090725403,0.090794592,0.090857668,0.09091376,0.090924318,0.090993103,0.09107778,0.091206805,0.091230841,,-119,before,,,,,,,
MRK,,0.089289693,0.088792171,0.088296696,0.087896698,0.087498876,0.087037796,0.086541414,0.085914426,0.085330638,0.084769791,0.08418369,0.083517559,0.082974429,0.082401817,0.081908741,0.08142626,0.080925057,0.080381776,0.080033586,0.079636434,0.079235818,0.078908467,0.078463479,0.077900254,0.077318107,0.07668245,0.076131147,0.075637457,0.075140818,0.074804758,0.074309349,0.073919189,0.073472215,0.073057754,0.072789579,0.072264482,0.071802308,0.071266896,0.070908778,0.07084866,0.070571763,0.070467773,0.07033253,0.070286846,0.070317726,0.070191429,0.070369532,0.070299522,0.0701804,0.070194925,0.069962864,0.069773892,0.069297934,0.069004891,0.068152819,0.067888268,0.067102688,0.066129015,0.065952787,0.063663143,0.063175377,0.062648394,0.062139683,0.061427784,0.060486179,0.059661422,0.058909611,0.058094164,0.057147136,0.056136641,0.055068593,0.054036193,0.053217406,0.052539422,0.051848764,0.051466832,0.05101,0.050598545,0.050337015,0.049990519,0.049503827,0.049375076,0.049082844,0.048806514,0.048580943,0.04840904,0.048060683,0.047678553,0.047245138,0.046712333,0.046002676,0.045202061,0.044719016,0.04429489,0.043814124,0.043325575,0.042451619,0.041723907,0.040796814,0.039869151,0.039477158,0.038845407,0.038556869,0.038115857,0.037462851,0.036498612,0.035273779,0.033861848,0.032442759,0.030360967,0.029734845,0.029622579,0.028680076,0.02764917,0.02513884,0.02113198,0.019288892,0.010198408,,,,0.122249924,0.111267095,0.102376342,0.106168442,0.105100607,0.1111965,0.114067323,0.113089417,0.114040071,0.116363403,0.118269723,0.123760931,0.124911846,0.127881424,0.132926406,0.137496268,0.143300391,0.14944237,0.152405744,0.157144194,0.16367068,0.165909097,0.169929932,0.174133772,0.176348736,0.179501938,0.182585813,0.186366257,0.19064614,0.190768897,0.190950697,0.191718444,0.192556743,0.193418834,0.193940962,0.194851287,0.195496611,0.196092786,0.1971144,0.19820993,0.198900868,0.199980571,0.201275586,0.203110252,0.203179077,0.202513605,0.201730902,0.200485435,0.199270875,0.198080072,0.19709502,0.196151908,0.1949264,0.193813071,0.192865376,0.192135396,0.191299183,0.190347866,0.189336741,0.18872888,0.18849064,0.188280996,0.18841063,0.188797689,0.189375314,0.190260954,0.191349013,0.192360812,0.193216246,0.193557876,0.193877161,0.194164532,0.194617619,0.194826856,0.19487821,0.195178765,0.195281693,0.195565802,0.195667288,0.195668519,0.195672525,0.195411448,0.195179607,0.194797487,0.194400612,0.193991415,0.193598963,0.193106155,0.192793885,0.19231311,0.19181152,0.191285518,0.190650375,0.189997168,0.189384207,0.188728294,0.188104436,0.18768841,0.187378455,0.187066906,0.186910229,0.186946067,0.186968253,0.187013706,0.187028204,0.187015561,0.186970416,0.187054887,0.187185743,0.187337153,0.187635071,0.188009496,0.188515952,0.189061673,0.189474573,0.18990016,0.189960286,0.189910842,,46,after,,,,,,,
MSFT,,0.075301672,0.074686012,0.074090339,0.073641863,0.07315883,0.072634021,0.072103428,0.071685149,0.071311352,0.07087285,0.070463203,0.069996503,0.0695757,0.069190151,0.068900587,0.068567719,0.068297564,0.068150698,0.068098487,0.068039996,0.067930264,0.067813571,0.067650389,0.067431821,0.067123609,0.066735119,0.066316489,0.065823577,0.065258373,0.064611983,0.063971648,0.063495353,0.063165471,0.0627734,0.062481865,0.062264648,0.062145131,0.062099074,0.06202678,0.061937752,0.061807462,0.061750903,0.061542371,0.061210846,0.060826902,0.060413178,0.059880671,0.059303423,0.058770528,0.058146645,0.057392566,0.056838671,0.056299398,0.055709531,0.055122166,0.054641609,0.054031575,0.053373046,0.052767911,0.052298929,0.052060894,0.051940118,0.051775018,0.051317988,0.050671597,0.050122709,0.049558313,0.048966586,0.048360884,0.047848921,0.047265014,0.046693077,0.046346041,0.045775711,0.045056202,0.04434504,0.04368359,0.042982144,0.042548302,0.042296439,0.041873625,0.041308822,0.04087654,0.040414759,0.039716931,0.039116587,0.038398675,0.037404431,0.036452449,0.035586486,0.034746228,0.03376086,0.032877348,0.032488781,0.03197349,0.031574224,0.031431782,0.031409066,0.031119848,0.031025827,0.031059051,0.030722975,0.03014944,0.030049661,0.029916451,0.029845616,0.029667524,0.028459809,0.026699326,0.025513573,0.024581643,0.022724012,0.019929768,0.019722228,0.019326174,0.019061295,0.017832248,0.011030865,,,,0.045647671,0.049060147,0.056166689,0.064049129,0.074129415,0.081092732,0.081819245,0.084523278,0.085513385,0.086696495,0.087791359,0.088276781,0.088318958,0.089115071,0.090424212,0.093069379,0.094589218,0.095160064,0.095516254,0.096353791,0.096291735,0.096995488,0.097515467,0.098378542,0.099897376,0.101754735,0.104434966,0.106915438,0.109181683,0.111091872,0.113395517,0.115325977,0.116818,0.118802326,0.120930815,0.122852011,0.124337001,0.12560537,0.127384609,0.129822642,0.131381463,0.13297405,0.134971048,0.136570226,0.138021319,0.139223274,0.140360614,0.141126624,0.14172082,0.141947358,0.142214789,0.142699448,0.142862351,0.142722845,0.142396077,0.141986674,0.141914137,0.141651892,0.141293738,0.140990275,0.140746263,0.140836013,0.140665827,0.140392607,0.140088242,0.139780887,0.139597879,0.139619108,0.139564978,0.139480201,0.139589593,0.139583513,0.139485944,0.139342948,0.139427404,0.139547196,0.139643936,0.140079516,0.14048024,0.140841234,0.141247351,0.142080636,0.142713327,0.143342418,0.143821631,0.144255167,0.144960189,0.145134013,0.145403688,0.145707979,0.146014631,0.146008774,0.145922945,0.145791856,0.145782432,0.145760996,0.145662602,0.145552021,0.145508718,0.145424835,0.145481721,0.145450546,0.145351027,0.145280664,0.145113568,0.144963648,0.144835567,0.14463171,0.144485342,0.144313448,0.144168142,0.144031751,0.143824036,0.143593265,0.143287414,0.143138597,0.142905637,0.142626025,,92,after,,,,,,,
MU,,0.061645347,0.061117156,0.060570067,0.059905085,0.059308879,0.058763107,0.058421592,0.058078435,0.057796916,0.057564925,0.057214771,0.056918804,0.056672182,0.056326782,0.055866085,0.055346984,0.05479511,0.054336933,0.053856717,0.053486292,0.053096484,0.052728604,0.052518035,0.05217862,0.051855893,0.051551099,0.051168748,0.050802632,0.050360546,0.049852037,0.04933611,0.048811801,0.048189222,0.047729214,0.047365787,0.047040899,0.046697987,0.046364332,0.046019337,0.045484823,0.045065475,0.044790435,0.044519935,0.044234941,0.044106174,0.044023689,0.043898419,0.043761815,0.043634034,0.04344317,0.043101607,0.042904401,0.04261642,0.04239393,0.042127952,0.041938594,0.041522564,0.041081067,0.040567046,0.040101205,0.039607255,0.039187892,0.038819784,0.038538568,0.038245442,0.03787096,0.037303414,0.036603676,0.036095843,0.035618217,0.035490126,0.035098965,0.034827365,0.034571199,0.034142451,0.033651231,0.033412924,0.033148549,0.032754674,0.03236035,0.031893853,0.031431336,0.030983415,0.030609839,0.030125719,0.029693659,0.029332816,0.029115904,0.028989763,0.028589336,0.028438202,0.028214678,0.027766877,0.027115817,0.026364479,0.025655428,0.024975176,0.024457162,0.024374397,0.024363873,0.024429276,0.024327091,0.024094066,0.023692798,0.023157814,0.022931592,0.022770398,0.022896803,0.022516078,0.021948988,0.02164883,0.02150227,0.020951159,0.019673654,0.016632621,0.014454184,0.011047825,0.005754502,,,,0.022354676,0.032013735,0.035472801,0.036810297,0.035833231,0.035774628,0.035302578,0.035753491,0.03710519,0.038177289,0.039504483,0.04040162,0.04163474,0.042803905,0.044581584,0.045665817,0.046014648,0.04633172,0.046791893,0.047487152,0.047980227,0.048529013,0.049052463,0.049195645,0.049528795,0.050008382,0.050442026,0.050652991,0.050496068,0.050494653,0.050579578,0.050638867,0.050638601,0.050653527,0.050651729,0.050795071,0.050792344,0.050845085,0.050778111,0.050598872,0.05056689,0.050493999,0.050478518,0.050391898,0.050239209,0.050074861,0.049808275,0.049570364,0.049306628,0.049090792,0.048888332,0.048712851,0.048590516,0.048443568,0.048316331,0.04832647,0.048330124,0.048330613,0.048407586,0.048465885,0.048510135,0.048577448,0.048750587,0.048890333,0.049049918,0.049138751,0.049228064,0.049443945,0.04953424,0.049585765,0.049655646,0.049663182,0.049629053,0.049638924,0.049653713,0.04959734,0.049498201,0.04945346,0.049516024,0.049511663,0.04953108,0.049549828,0.049615257,0.049704975,0.0497934,0.049880155,0.050028945,0.050161647,0.050192401,0.050217825,0.050229806,0.050238575,0.050283121,0.050343817,0.050396389,0.050402527,0.05045451,0.050510052,0.050624403,0.050742692,0.050861176,0.050941807,0.051039108,0.051114131,0.051193677,0.051292866,0.051338754,0.0514104,0.051459236,0.051491329,0.051541478,0.051571489,0.051574465,0.051560439,0.051559684,0.051560883,0.051577426,0.051595859,,-119,before,,,,,,,
NVDA,,0.055198022,0.0548116,0.054416449,0.054138547,0.053847678,0.053528721,0.053188129,0.05275622,0.052346577,0.051796709,0.051137351,0.050658197,0.050243698,0.049772023,0.049211123,0.048801033,0.048499855,0.048338773,0.048166687,0.048043668,0.047922284,0.04779414,0.047615632,0.047356786,0.047212627,0.047074337,0.046832932,0.046592964,0.046333601,0.046072226,0.045818662,0.04555365,0.045197264,0.044879733,0.044548132,0.044152866,0.043778233,0.043423252,0.043040972,0.042626122,0.042186396,0.041784255,0.041371116,0.04101426,0.040705889,0.040329716,0.0400047,0.039687305,0.039372214,0.039174532,0.038997651,0.03880365,0.038422816,0.038074605,0.037769396,0.03742665,0.03702816,0.036777192,0.036395669,0.035893078,0.035383203,0.034857049,0.034453999,0.034028675,0.033584403,0.033088682,0.032719879,0.032354787,0.031779434,0.031371576,0.030868646,0.030536327,0.030032457,0.029657013,0.029223218,0.028843747,0.028442162,0.027996551,0.027607635,0.027087557,0.02686951,0.026582101,0.026278761,0.025758009,0.025355627,0.025090159,0.024814429,0.024404494,0.02389228,0.023307926,0.022963156,0.022539385,0.021791517,0.02121797,0.020505241,0.019995302,0.019398344,0.018612578,0.018357596,0.018127414,0.017887477,0.017458064,0.017040376,0.016860053,0.016930616,0.016757672,0.016906157,0.016785906,0.016425261,0.015934062,0.015263518,0.014887051,0.01482899,0.013660687,0.012798985,0.012208653,0.008965779,0.00516188,,,,0.031298314,0.046774147,0.068841445,0.068197556,0.070966399,0.074385686,0.083668257,0.090492204,0.09372821,0.094047762,0.094604785,0.09687532,0.098849638,0.099183466,0.100832825,0.100914832,0.100791603,0.10140449,0.102536606,0.104917994,0.107462327,0.109416853,0.111584501,0.11324156,0.113960435,0.114053134,0.114677682,0.11467067,0.114129589,0.113724171,0.113287164,0.113381529,0.113013074,0.112984419,0.113617424,0.114408562,0.115708308,0.116539567,0.116856121,0.116886787,0.117154621,0.117614454,0.117687708,0.118172376,0.11840999,0.118359085,0.118506607,0.118376847,0.11844836,0.118202681,0.117928929,0.11762177,0.117264815,0.11683811,0.116498884,0.116362642,0.115996269,0.115776892,0.11542355,0.114909196,0.114227802,0.1136095,0.113091593,0.112934524,0.11272365,0.112385519,0.112008467,0.112131617,0.11233814,0.112600972,0.112908741,0.113039494,0.113114843,0.113314315,0.11355303,0.113757568,0.114007264,0.114130351,0.114149578,0.114244829,0.114289419,0.114323324,0.11427768,0.114165934,0.114220082,0.114180234,0.1141138,0.114011787,0.113986331,0.113788889,0.113645657,0.113459171,0.113341557,0.113305921,0.113275531,0.113193375,0.113098299,0.112988685,0.113027317,0.113100304,0.113109932,0.113266542,0.11377011,0.114082379,0.114410039,0.114815201,0.115166456,0.115458129,0.115683455,0.115894256,0.116046829,0.116326393,0.116489311,0.116693857,0.116906427,0.117124574,0.117412022,0.117523429,,48,after,,,,,,,
NWSA,,0.048927857,0.048714466,0.048480769,0.048258661,0.048034941,0.047731942,0.047493368,0.047276202,0.047015084,0.046856947,0.046596982,0.046415302,0.046251464,0.046100466,0.045910711,0.045823385,0.045792548,0.04570139,0.045627221,0.045592508,0.045569267,0.04552643,0.045521427,0.045493856,0.045418462,0.045384348,0.045331635,0.045258151,0.045087549,0.044928101,0.044741105,0.044572672,0.044411193,0.044287408,0.044169357,0.044014334,0.043800084,0.043590918,0.043387112,0.043232841,0.04305359,0.042860635,0.042665184,0.042486649,0.042301789,0.042126368,0.041995521,0.041881322,0.041707307,0.041589008,0.041470397,0.041312051,0.041024373,0.040659019,0.040127103,0.039627408,0.039073472,0.038640249,0.038185439,0.037753244,0.037322329,0.036874168,0.03639971,0.03576617,0.035094738,0.034409252,0.033709024,0.03297072,0.032168463,0.031307809,0.030654674,0.030050121,0.029450118,0.028961326,0.028428248,0.027818131,0.027476064,0.027064791,0.026616924,0.02624645,0.025884994,0.025611259,0.025209496,0.024878744,0.024475101,0.024119968,0.023645529,0.023196443,0.022636048,0.021865541,0.021290321,0.02078231,0.020335595,0.020209569,0.020137,0.020165165,0.020196601,0.020192393,0.019991686,0.019807719,0.01964901,0.019316294,0.018931292,0.018011197,0.017549501,0.017207439,0.016604658,0.01583583,0.01527562,0.014469217,0.014360856,0.014088512,0.012985764,0.012147129,0.011192565,0.011317596,0.010093364,0.004596194,,,,0.030984133,0.051405586,0.072302425,0.084494104,0.085419126,0.088673949,0.091968371,0.093805922,0.093407516,0.093655066,0.093725654,0.094881862,0.094559275,0.092797826,0.091254836,0.089457117,0.088128188,0.086868775,0.086553463,0.086783738,0.088107555,0.090139698,0.092835547,0.094294755,0.095297707,0.096505107,0.097568589,0.098513127,0.098590707,0.098740206,0.09861199,0.098940676,0.099606484,0.099954171,0.10046206,0.101657526,0.102524698,0.103088783,0.103698978,0.104852753,0.105572627,0.106081793,0.106807908,0.107352901,0.107993824,0.108574615,0.108679348,0.10868847,0.108798084,0.1089633,0.10905711,0.109282651,0.109410422,0.109707812,0.10991767,0.109793168,0.109699836,0.109533781,0.109511911,0.109448065,0.109300038,0.109167221,0.109119048,0.109081933,0.109049509,0.108991006,0.108783917,0.108577723,0.108398912,0.108166403,0.107858045,0.107496139,0.107134214,0.106722816,0.106388669,0.106071976,0.105697445,0.105322332,0.105010017,0.104774928,0.104560941,0.104345966,0.104224356,0.104040662,0.103933132,0.103844805,0.103677585,0.103585908,0.103495251,0.10330564,0.103049149,0.102754036,0.10250214,0.102258147,0.102041252,0.101766455,0.101471492,0.10117707,0.100878743,0.100564017,0.100238665,0.099891966,0.099547073,0.09922968,0.098921458,0.098639996,0.098342957,0.0980407,0.097763799,0.097514462,0.097300366,0.097072776,0.096820682,0.096568482,0.096325282,0.096072044,0.095816539,0.095556673,,56,after,,,,,,,
ORCL,,0.071019446,0.0707158,0.070316095,0.070056835,0.069804721,0.069602894,0.069336068,0.069036919,0.068648715,0.068216431,0.067881719,0.067541037,0.067272068,0.067056748,0.066749809,0.066457338,0.066185648,0.0658989,0.065647164,0.065426152,0.065259199,0.065111579,0.064982626,0.064819068,0.064638419,0.064424969,0.06424087,0.06395337,0.063687907,0.063360832,0.063058698,0.062824627,0.062617783,0.062315869,0.062041062,0.061742733,0.061447452,0.061153672,0.060884552,0.06052015,0.060312173,0.060105192,0.05993555,0.059700105,0.059557933,0.05945439,0.059437784,0.059407017,0.05935341,0.059310788,0.059280043,0.059237982,0.059082852,0.058968047,0.058761494,0.058556756,0.058319386,0.058041047,0.057650434,0.057211429,0.056828892,0.056589156,0.05632784,0.056015056,0.055640519,0.054997918,0.054481037,0.053766761,0.052896531,0.05206342,0.051202813,0.050715353,0.05021338,0.049737201,0.049347497,0.048871875,0.048449128,0.047973038,0.047769765,0.047633234,0.047459591,0.047297726,0.047115098,0.046770237,0.046487188,0.046136468,0.045793695,0.045574456,0.04523074,0.044952116,0.044435458,0.04399705,0.043202183,0.042286735,0.041508015,0.040630268,0.039618242,0.038698852,0.037648588,0.036719482,0.035673156,0.03395526,0.032938077,0.032286362,0.031500015,0.030568718,0.029994761,0.029827017,0.029650928,0.029176102,0.028286961,0.028584968,0.028193797,0.026308811,0.024741346,0.019711743,0.017712214,0.007799387,,,,0.056364267,0.070833144,0.075787362,0.081198508,0.088485449,0.096339502,0.114749998,0.120060714,0.11876746,0.119225117,0.117903816,0.114979447,0.113256567,0.113214835,0.113568588,0.113354483,0.114561533,0.11398261,0.113136085,0.112417505,0.111512751,0.110990592,0.111224265,0.114147275,0.115872217,0.116717479,0.118308234,0.118857771,0.119916364,0.120722298,0.121531737,0.122388241,0.123317351,0.124100031,0.126500152,0.128661266,0.129077058,0.129862723,0.130041519,0.130382591,0.130859503,0.130926537,0.130915701,0.130765412,0.130652449,0.130546751,0.130542163,0.13053107,0.130419777,0.130941049,0.131879554,0.132854151,0.134216618,0.135533701,0.136946008,0.138589015,0.14037815,0.142311781,0.14386396,0.144772286,0.145720629,0.146722734,0.147290934,0.148067719,0.148228471,0.148330592,0.148294477,0.148881195,0.149100351,0.149315124,0.149570607,0.150040526,0.150671956,0.151567109,0.152664085,0.153584689,0.154187349,0.15470444,0.155279735,0.15582585,0.156572986,0.157089335,0.157580298,0.157769521,0.158232458,0.158313939,0.158522527,0.158654176,0.158655746,0.158761162,0.158776605,0.158742701,0.158706951,0.158745292,0.158672882,0.158807109,0.158697014,0.158567218,0.158400462,0.158236033,0.158125636,0.158118757,0.158127061,0.158322824,0.158290421,0.158254262,0.15814782,0.157989283,0.157832118,0.157717378,0.157508829,0.157197166,0.15691482,0.156667976,0.156388527,0.15620442,0.156094601,0.156034548,,97,after,,,,,,,
PFE,,0.10494723,0.104923971,0.104860044,0.104800738,0.1046595,0.104526999,0.104349084,0.104195712,0.104089656,0.10399816,0.103846472,0.103706642,0.103562994,0.103401703,0.103256182,0.103026006,0.10288988,0.102853617,0.102854068,0.102891665,0.102980794,0.103073436,0.10320145,0.103221049,0.103152979,0.102953946,0.102798088,0.102657241,0.10248755,0.10238944,0.102301864,0.102161558,0.102096543,0.102042167,0.102006267,0.101817669,0.10177889,0.101718434,0.10170477,0.101595999,0.101483999,0.101344436,0.101216254,0.101067171,0.100859057,0.100718392,0.100714416,0.100769131,0.100861271,0.100890444,0.100881105,0.100902673,0.100892244,0.10088334,0.100935367,0.100989268,0.101001231,0.101032088,0.101053729,0.100956818,0.100851075,0.10072227,0.100586748,0.100471941,0.100158952,0.099862627,0.09949113,0.098960959,0.098457879,0.097960912,0.097389901,0.096826863,0.096244287,0.095622226,0.094850666,0.09412265,0.093217848,0.092337171,0.091237477,0.090143883,0.088859198,0.087390354,0.085723881,0.083951616,0.081577109,0.078528184,0.075025004,0.070752185,0.065871991,0.059076642,0.057531983,0.055672861,0.053460597,0.050710773,0.04809271,0.046241571,0.044444138,0.042852713,0.041141751,0.039239937,0.038277654,0.037374769,0.03599747,0.034491645,0.033287716,0.032184378,0.029747757,0.028564645,0.027084163,0.026902548,0.024644392,0.023137507,0.021807295,0.02042006,0.019604957,0.01839627,0.014407106,0.009838427,,,,0.013521453,0.021378146,0.021489708,0.022551768,0.024071598,0.025461847,0.027636434,0.029845147,0.030917879,0.032044071,0.033202328,0.03411158,0.034539803,0.035315485,0.036918516,0.037766836,0.038258098,0.038873451,0.03922178,0.039941949,0.041294317,0.042075049,0.042470554,0.042518598,0.042712192,0.043584035,0.0446815,0.045401875,0.045630903,0.045984287,0.0467224,0.047300203,0.047674252,0.048461413,0.048769349,0.049042302,0.049131665,0.04914337,0.049113475,0.048892988,0.048713237,0.048542737,0.048458261,0.0484906,0.048723534,0.049034773,0.049413154,0.050377733,0.051139718,0.05189376,0.052320643,0.052677026,0.052898627,0.053063256,0.053393355,0.053809799,0.054149107,0.054459106,0.054861566,0.055393721,0.055923448,0.056290672,0.056530151,0.056946322,0.057503263,0.058506449,0.059475041,0.060617416,0.061921408,0.0630718,0.064178212,0.065139744,0.06600833,0.066834325,0.067645328,0.068389869,0.069045114,0.069706513,0.070428951,0.070965886,0.071375921,0.071791981,0.072189623,0.072519879,0.072794254,0.073061336,0.073400938,0.073741376,0.074133932,0.074580632,0.075039728,0.075429814,0.075738188,0.075958402,0.076084074,0.076241443,0.076430962,0.076645431,0.076919252,0.077283369,0.077643117,0.07793442,0.078216145,0.078458499,0.078713562,0.078920793,0.079195865,0.079415842,0.079652847,0.079938815,0.080246679,0.080551551,0.080775732,0.080957507,0.081046628,0.081121182,0.081112185,0.081049634,,-119,before,,,,,,,
QCOM,,0.121539028,0.12126321,0.121110856,0.120932372,0.120745469,0.12047224,0.1201793,0.119660532,0.119295447,0.119054259,0.118641297,0.118229287,0.117636676,0.117007584,0.116422655,0.115742644,0.115207286,0.114892218,0.114566728,0.114154925,0.11375145,0.113188156,0.112609885,0.112182098,0.111558807,0.110969644,0.110177721,0.109180986,0.108124135,0.107006745,0.105785433,0.104763116,0.103757711,0.103027394,0.102249959,0.101607189,0.100945117,0.100311162,0.099803354,0.099154031,0.098427359,0.097582877,0.096611446,0.095823413,0.095149356,0.094301125,0.093607558,0.092862589,0.092078993,0.091220347,0.090378784,0.089508306,0.088863663,0.088145997,0.087376066,0.086800044,0.08619615,0.085132992,0.084149034,0.083084026,0.082116823,0.081145563,0.080521058,0.079650369,0.078928157,0.078239899,0.077847159,0.077276267,0.076501162,0.076075536,0.075782726,0.075480536,0.075239819,0.075129121,0.074869731,0.074218909,0.073488201,0.072880835,0.072233336,0.071828795,0.071289351,0.070601171,0.070164793,0.069711479,0.068996452,0.068629953,0.067839647,0.067711145,0.067473776,0.067214987,0.06676813,0.065830372,0.064871101,0.063884944,0.062905636,0.062491291,0.062091948,0.061571777,0.061133407,0.060649161,0.059724918,0.058315486,0.056657644,0.055618875,0.054421519,0.053487352,0.05195731,0.05096532,0.049413508,0.048334214,0.047094251,0.044067607,0.04088883,0.037458277,0.034171767,0.033080625,0.027823679,0.011495536,,,,0.062173294,0.075597115,0.101097036,0.095525007,0.096699168,0.097045164,0.097114237,0.09798286,0.100821358,0.09805114,0.098637937,0.099542249,0.103427803,0.106183552,0.110791113,0.111718372,0.11747559,0.120501728,0.1228074,0.124341195,0.124940984,0.125946899,0.127888635,0.129436798,0.132363913,0.134161626,0.135137051,0.137129586,0.138926425,0.139800528,0.141637921,0.141935523,0.142009007,0.141495425,0.141466664,0.141102558,0.141127516,0.141720361,0.141700494,0.141445773,0.140876525,0.140427461,0.139828072,0.138936575,0.138004257,0.137252378,0.136467817,0.135709692,0.134860209,0.133915633,0.133025629,0.132121469,0.131482992,0.130775282,0.130067851,0.129350247,0.128619522,0.127946893,0.127248918,0.126722662,0.126222693,0.125812141,0.125572684,0.125504283,0.125513567,0.125614598,0.1259546,0.12633074,0.12657628,0.126639226,0.127170676,0.127502395,0.127540967,0.127544901,0.127211774,0.126812948,0.126454622,0.12622179,0.125985796,0.12567635,0.12532611,0.125227317,0.124979366,0.124996786,0.125006376,0.12496021,0.125021517,0.125032307,0.124979456,0.125028994,0.125282142,0.125417262,0.125440934,0.125520528,0.125717597,0.125921712,0.126125893,0.12640544,0.126814447,0.127299618,0.127876063,0.128536596,0.128922641,0.129312995,0.129546062,0.129606459,0.129611975,0.129673279,0.129791136,0.129909079,0.130036163,0.130155697,0.130269915,0.130332002,0.130386945,0.130285647,0.130212171,0.130141117,,34,after,,,,,,,
RIMM,,0.065232548,0.065482511,0.065754665,0.066022752,0.066281633,0.066543531,0.06681406,0.067082249,0.067353635,0.067591089,0.067868589,0.068149468,0.068370376,0.068564319,0.068758917,0.068983651,0.069236324,0.069514584,0.069772446,0.069938953,0.07010468,0.070305741,0.070595216,0.070861928,0.071131079,0.071452888,0.071696678,0.072025768,0.0723069,0.072643946,0.072985503,0.073305764,0.073629762,0.073957546,0.074257631,0.074560361,0.074865721,0.075173695,0.075484257,0.0758119,0.07621571,0.076604741,0.076966503,0.077411314,0.077893122,0.07836273,0.078783878,0.079291816,0.079809618,0.080337605,0.080823888,0.081284818,0.081669306,0.081951798,0.082231388,0.082507504,0.082644991,0.08200877,0.081929991,0.081627934,0.08105516,0.079260076,0.078490752,0.077893379,0.077468998,0.076982445,0.076669512,0.076047793,0.075339987,0.074535174,0.073620596,0.073661627,0.073438533,0.07288177,0.072234893,0.071133907,0.069668996,0.068590513,0.068066309,0.067071418,0.065477537,0.064509459,0.063773224,0.06267828,0.060877339,0.058125763,0.055803412,0.052995149,0.049553163,0.046912315,0.045075806,0.042490499,0.040096332,0.037051284,0.032466764,0.028850389,0.025245293,0.024753931,0.024442388,0.022622282,0.020089178,0.018638253,0.016558344,0.016622473,0.017169652,0.017786328,0.017869222,0.016582484,0.014368874,0.01389168,0.013781066,0.010591498,0.009743203,0.007510104,0.008197683,0.008660254,0.01040833,0.003535534,,,,0,0.001443376,0.027108962,0.031104662,0.04657655,0.042730468,0.047535573,0.06101088,0.065855384,0.07824949,0.091259718,0.099666618,0.100057541,0.096745871,0.093966696,0.091130096,0.088480734,0.086344107,0.086286526,0.087346434,0.086648205,0.086074117,0.086223837,0.0873594,0.086348633,0.085762164,0.084757643,0.08367345,0.082341867,0.081186368,0.080213876,0.079443994,0.079714193,0.0802134,0.085412932,0.09093107,0.105545455,0.114619592,0.123066875,0.133691497,0.140441741,0.146469625,0.15569972,0.164101481,0.175209752,0.182782966,0.190719379,0.19723575,0.204594649,0.2147322,0.222562601,0.227166994,0.229003084,0.230739204,0.233267645,0.234795899,0.234427727,0.234683304,0.235411991,0.234733983,0.234035337,0.23233711,0.230650339,0.229274656,0.227958389,0.227292085,0.226395499,0.226076744,0.225927678,0.225256674,0.224524368,0.224000066,0.223407019,0.222966732,0.222093006,0.221123149,0.220366543,0.21969975,0.218984617,0.218268503,0.217510491,0.216511763,0.215492886,0.214278041,0.213060172,0.211828701,0.210632399,0.209528328,0.208379055,0.20722022,0.20612344,0.205006717,0.203936613,0.202874316,0.201813996,0.200770673,0.199774072,0.198828074,0.19790959,0.196976692,0.196151329,0.195529093,0.194882461,0.194240409,0.193576999,0.193199621,0.192418189,0.19172338,0.190994766,0.190358588,0.189683636,0.189015145,0.188333369,0.187698385,0.187161579,0.186603253,0.186210602,0.185706227,,60,after,,,,,,,
S,,0.021654145,0.021580525,0.02150845,0.021373262,0.021271799,0.021167246,0.021043816,0.020881759,0.020729133,0.02055901,0.020372155,0.020208785,0.020044622,0.019941275,0.019862799,0.019771942,0.019654242,0.019516763,0.019391885,0.019312913,0.019253285,0.019171539,0.019118876,0.019057101,0.019009704,0.018955805,0.018894708,0.018819873,0.018784939,0.018709456,0.018685696,0.018648219,0.018628799,0.018616577,0.018610431,0.018589606,0.018571113,0.018563254,0.01854077,0.018471867,0.018371625,0.018287604,0.018173032,0.018047056,0.017918471,0.017827402,0.017716318,0.017587797,0.017430668,0.01732116,0.017212855,0.017098754,0.016997694,0.016912415,0.016833196,0.016793467,0.016709189,0.01659269,0.016474303,0.016328143,0.016212272,0.016140048,0.016067921,0.016035377,0.015998351,0.015969749,0.015929359,0.015857559,0.015781009,0.015693008,0.015580096,0.015525475,0.015508263,0.015498078,0.015496945,0.01546561,0.015435258,0.015405303,0.015337087,0.015289619,0.015210331,0.015194826,0.015133154,0.015032277,0.014978774,0.01489266,0.014899226,0.014884912,0.014905418,0.014836452,0.014698988,0.014583833,0.014370074,0.014052279,0.013647323,0.013398362,0.013019235,0.012806227,0.012508057,0.012188427,0.011956886,0.011738254,0.011411668,0.011009558,0.010743866,0.01021607,0.009994659,0.009685679,0.009330903,0.009134022,0.009035657,0.008647673,0.008346525,0.007897883,0.006946715,0.005666782,0.004783234,0.001922657,,,,0.013694301,0.014459247,0.014573966,0.01601449,0.018654268,0.020362327,0.021950133,0.022805412,0.023319518,0.023701242,0.023693014,0.024042533,0.023864179,0.023600511,0.023334653,0.023712379,0.023877335,0.024066434,0.024126831,0.024275264,0.024440331,0.02461619,0.024837165,0.02519695,0.025511822,0.02597331,0.026387284,0.026556794,0.026682945,0.026971298,0.027144381,0.027429861,0.027671395,0.027772484,0.027787711,0.028227388,0.028506122,0.028662456,0.028864187,0.02890598,0.029237425,0.029468593,0.029631946,0.029818814,0.030149623,0.030570901,0.031114253,0.031453602,0.031742573,0.031962774,0.032101573,0.032301383,0.032469975,0.032590437,0.032714714,0.032734775,0.032769142,0.03278137,0.032769431,0.032768793,0.032757153,0.032842422,0.032893451,0.032920299,0.032922723,0.032921873,0.032925319,0.032889595,0.032904923,0.032893893,0.032944942,0.032998807,0.033081478,0.033176446,0.033300009,0.033419092,0.033507401,0.033555388,0.033607587,0.033648301,0.033716591,0.033843455,0.033947902,0.034002571,0.034069121,0.034123046,0.034253715,0.034345184,0.034449752,0.034499158,0.034539571,0.034567265,0.034567238,0.034593097,0.034634541,0.034701454,0.03474718,0.034797614,0.034859882,0.034889317,0.034881159,0.034860739,0.034850161,0.034826258,0.034803899,0.034783143,0.034742964,0.034736725,0.034726814,0.034741618,0.034768875,0.034819321,0.034838033,0.034855138,0.034875593,0.034876653,0.034870134,0.034831712,,101,after,,,,,,,
SIRI,,0.009730582,0.009723397,0.009714143,0.009701005,0.009691586,0.009673405,0.009664038,0.00964842,0.009629808,0.009602968,0.009572579,0.009556633,0.009547913,0.009536565,0.009525485,0.009508055,0.009503404,0.009483508,0.009454822,0.00942287,0.009388537,0.009365575,0.00933312,0.009292889,0.009264068,0.009222242,0.009180005,0.009145499,0.009138025,0.009116706,0.009089335,0.009055353,0.009016244,0.008969185,0.008942897,0.008923818,0.008919861,0.00889542,0.008870433,0.008841249,0.008812797,0.008761075,0.008732266,0.008693025,0.008661755,0.008634951,0.00861503,0.008595376,0.008597465,0.00855908,0.008530296,0.008503249,0.008447363,0.008405119,0.008381765,0.008384585,0.008355133,0.008332254,0.008296232,0.008281449,0.008258293,0.008224983,0.008205891,0.008168858,0.008156541,0.00810255,0.00805089,0.008014031,0.008000027,0.007962447,0.007915522,0.007829809,0.00775105,0.007684612,0.007611727,0.007554621,0.007485618,0.007403795,0.007345607,0.007273423,0.007213975,0.007133813,0.00701281,0.006955345,0.006860685,0.006795923,0.006672956,0.006590037,0.006502935,0.006438331,0.006359473,0.006279408,0.006154644,0.006074837,0.006000536,0.005901741,0.005761748,0.005642899,0.005595767,0.005412226,0.005256026,0.005176164,0.005009674,0.004873849,0.004801076,0.004660868,0.004639812,0.004531027,0.004517613,0.004472245,0.004325491,0.004287432,0.004068526,0.004032871,0.003840594,0.004000372,0.004181611,0.002619509,,,,0.002810748,0.005439628,0.005162185,0.005505282,0.00602746,0.006711353,0.007006157,0.007734061,0.008204427,0.009461508,0.010269829,0.010703063,0.011603605,0.012181036,0.012621427,0.013281658,0.01351884,0.013681487,0.013828057,0.014130512,0.014502259,0.014871978,0.015350806,0.016028388,0.016711468,0.017339722,0.018020829,0.018614437,0.019153619,0.019318271,0.01936532,0.019439848,0.019523524,0.019535268,0.01957649,0.019683799,0.019665017,0.019727863,0.019775319,0.019872887,0.019845658,0.019794112,0.019733553,0.019710412,0.019683893,0.019713836,0.019716847,0.01970713,0.019664359,0.019647866,0.019604908,0.019641993,0.019685299,0.019715153,0.019708821,0.019793585,0.019946822,0.020096524,0.020250464,0.020407706,0.020613012,0.020715986,0.02081226,0.020931063,0.020993749,0.02110383,0.021177237,0.021211801,0.021320266,0.021411429,0.021506478,0.021567877,0.021578101,0.021628005,0.02165018,0.02163239,0.021672441,0.021721429,0.021769699,0.021831952,0.021910516,0.021980098,0.022026864,0.022038423,0.022050931,0.022074858,0.022122729,0.022157252,0.022204702,0.022236672,0.02231074,0.022513746,0.022631852,0.02273918,0.022768338,0.022807006,0.022854435,0.022863265,0.022848426,0.022816559,0.022782814,0.022758344,0.022728415,0.022731775,0.022733636,0.022714162,0.022692681,0.022698825,0.02267354,0.022650621,0.022610252,0.022566284,0.022515115,0.022465843,0.022418288,0.022369698,0.022318605,0.022262562,,99,after,,,,,,,
SNDK,,0.234042084,0.232856321,0.23122148,0.229935942,0.228456708,0.227267655,0.2260796,0.224641024,0.223215872,0.222313706,0.221416549,0.220691169,0.219942503,0.218948459,0.218230392,0.217667551,0.217269319,0.216427392,0.215694138,0.21492966,0.214343671,0.213739803,0.212589128,0.211556735,0.210464036,0.209420335,0.208531988,0.207264122,0.205988384,0.204647929,0.202505591,0.201327959,0.200154223,0.198954685,0.197778421,0.196796987,0.195775975,0.19469302,0.193485658,0.191916455,0.189965501,0.188112103,0.186417113,0.18460017,0.183269373,0.181685392,0.179968823,0.178287941,0.176442065,0.174403921,0.172399157,0.170767187,0.169060266,0.167253772,0.165692343,0.164254365,0.163303459,0.162192223,0.161199166,0.160249596,0.15858385,0.156620501,0.153743625,0.150055216,0.146570848,0.143613084,0.141742115,0.140600133,0.139684972,0.138498876,0.136767769,0.135434792,0.133362493,0.132092861,0.129847126,0.129082364,0.128358076,0.127212931,0.126423206,0.125639508,0.124397292,0.12357656,0.121989148,0.120557666,0.118922075,0.117522367,0.116260083,0.115245689,0.114451256,0.113030053,0.110977604,0.110009293,0.107354578,0.104264094,0.101368469,0.099800358,0.097975483,0.095527057,0.093162362,0.090489176,0.086649647,0.082557403,0.078366242,0.074125665,0.070109122,0.066448015,0.063867356,0.061761894,0.059310212,0.054918333,0.050750384,0.048687037,0.045327933,0.041890195,0.040359747,0.037170688,0.03352144,0.017469957,,,,0.177169532,0.197072269,0.213348072,0.214731295,0.202162057,0.19934047,0.231619173,0.257375012,0.274553352,0.286487402,0.297792825,0.307228342,0.319996424,0.334895396,0.348302045,0.350585789,0.35532182,0.365359916,0.372208887,0.375310376,0.379546151,0.390568423,0.397613384,0.401926059,0.4039955,0.407292555,0.412699768,0.417799039,0.419494837,0.424177587,0.429064876,0.433288921,0.43591777,0.438303787,0.438909709,0.43769273,0.43763528,0.43741688,0.438149577,0.438370699,0.438446952,0.439346959,0.440870553,0.441793916,0.442624658,0.443041942,0.444229615,0.444854281,0.445872347,0.44656588,0.446809706,0.447636111,0.448087086,0.448578263,0.448554468,0.448009803,0.447546155,0.446161907,0.444980164,0.443867876,0.442279984,0.440672619,0.439005083,0.437409741,0.435959921,0.434323719,0.432477462,0.430900026,0.429681082,0.428242017,0.426935463,0.425241792,0.423716676,0.423025716,0.42219705,0.421520899,0.420308608,0.419144843,0.417930669,0.416536084,0.415198362,0.414075736,0.412894935,0.41164147,0.410267493,0.409068348,0.407839028,0.406582616,0.405455659,0.404217274,0.403470592,0.40287857,0.402521526,0.402015544,0.40153286,0.400872608,0.400186073,0.399636103,0.399251211,0.398760208,0.398346855,0.397569506,0.396820369,0.396074101,0.395337934,0.394679878,0.393870312,0.393044215,0.392084376,0.391251157,0.390584949,0.389903527,0.389574184,0.389198919,0.389099624,0.389004327,0.388829111,0.388637916,,55,after,,,,,,,
T,,0.085245652,0.084983071,0.08484712,0.084699653,0.084422422,0.084227074,0.084083632,0.083881306,0.083563294,0.083150882,0.082769731,0.082459903,0.082159024,0.081826583,0.081534697,0.081307046,0.081054042,0.08065276,0.080258316,0.079848324,0.079456427,0.079144098,0.079010787,0.078809682,0.078599697,0.078296704,0.077977345,0.077726899,0.077399338,0.077003035,0.076607183,0.076274809,0.076135004,0.076023013,0.075976787,0.075917131,0.07587953,0.075884657,0.075881816,0.075776205,0.07569032,0.075394501,0.075328806,0.075229942,0.075156163,0.075130865,0.075180725,0.075228528,0.075109476,0.074993645,0.075011617,0.074889501,0.074826155,0.07452728,0.074132973,0.073718628,0.073258314,0.072694881,0.072231455,0.071625007,0.071164946,0.070627427,0.070072816,0.069711033,0.069365155,0.068956818,0.068679447,0.068337413,0.067953251,0.06767016,0.067364332,0.067204264,0.066879189,0.066584141,0.06627269,0.065695358,0.065006623,0.06422463,0.063316971,0.062249296,0.061083287,0.059838713,0.058602535,0.057153147,0.055593341,0.053585906,0.051092912,0.048049433,0.044060338,0.038654031,0.037209813,0.035825413,0.034247052,0.032554573,0.0313234,0.03044878,0.029260034,0.028171518,0.027075116,0.026125527,0.025844625,0.025232841,0.024565949,0.023867918,0.023058961,0.022139301,0.021054494,0.020701569,0.01989501,0.019305219,0.018452956,0.01743194,0.016629523,0.015426421,0.014655127,0.014666425,0.013188009,0.009234172,,,,0.013808785,0.022752881,0.031194087,0.035793269,0.039489535,0.040077444,0.039673454,0.039740301,0.040956179,0.041879219,0.041903459,0.042271863,0.043247198,0.044166657,0.04485132,0.045990618,0.047084233,0.047964714,0.048647553,0.049398094,0.049642737,0.049923423,0.050018202,0.050059087,0.050131212,0.050292496,0.05033251,0.050635123,0.050483569,0.050470356,0.050550072,0.050523956,0.050561364,0.050656733,0.050690348,0.05072585,0.050737275,0.050990767,0.05139281,0.051852079,0.052043142,0.052193479,0.052348653,0.052510836,0.052712813,0.052851759,0.05304003,0.05320103,0.053465525,0.053727263,0.054068527,0.054455937,0.054792762,0.055216472,0.055657298,0.055932364,0.056137499,0.056340379,0.056592457,0.0567812,0.056908731,0.056897892,0.056937061,0.05692397,0.056927817,0.056934239,0.05695081,0.056977539,0.056977823,0.056970479,0.056987954,0.057001156,0.057041116,0.05717699,0.057230199,0.057294625,0.05738991,0.057469903,0.057545241,0.057554673,0.057511414,0.057446877,0.057441164,0.057524288,0.05759855,0.057606737,0.057626403,0.05760936,0.057526264,0.057483676,0.057422947,0.057349204,0.057301434,0.057240297,0.057157677,0.057113398,0.05706637,0.057016059,0.056979583,0.056920746,0.056884105,0.056869945,0.056840036,0.056799474,0.056737016,0.056690108,0.05664263,0.056595379,0.056603919,0.056586233,0.05655821,0.056546045,0.056521094,0.056504725,0.056517435,0.056552084,0.056606753,0.056634175,,-119,before,,,,,,,
UBS,,0.035941588,0.035781273,0.035598144,0.035411182,0.035223645,0.03503065,0.034820645,0.034549342,0.034286475,0.034055145,0.033812155,0.033621733,0.033446585,0.033271968,0.033046634,0.032810995,0.032522511,0.032265639,0.031970158,0.03170245,0.03142881,0.031201262,0.030976782,0.030768294,0.030534646,0.030286615,0.030031843,0.029783747,0.029523933,0.029234367,0.028961275,0.028722398,0.028506672,0.028317344,0.028093492,0.027849891,0.027564481,0.027265373,0.027000354,0.026692024,0.0262982,0.025919273,0.02556634,0.025264693,0.02495952,0.02468998,0.02448668,0.024211773,0.023980074,0.02370821,0.023399907,0.023071552,0.022705176,0.022349105,0.022008315,0.021665036,0.02131265,0.020984922,0.020615271,0.020286606,0.019977963,0.019685446,0.019455233,0.019106771,0.018840873,0.01859271,0.018407446,0.01825053,0.018134934,0.018012529,0.017874321,0.017730743,0.017580814,0.017491546,0.017386817,0.017276325,0.017118146,0.017013061,0.016861848,0.016649462,0.016420382,0.016256391,0.016036967,0.015835951,0.015712906,0.015610497,0.015385748,0.015076877,0.014748752,0.014441252,0.014111822,0.013800668,0.01340452,0.013156586,0.012961469,0.012797398,0.01253065,0.0122427,0.011888971,0.011414673,0.011037283,0.010665657,0.010320526,0.010172067,0.009940365,0.009657155,0.009486742,0.009359325,0.009091931,0.008880662,0.008718842,0.008502364,0.008010874,0.006975328,0.005758923,0.005585122,0.004909136,0.003062979,,,,0.007045814,0.00844379,0.008989941,0.01019235,0.013335269,0.014919113,0.016336225,0.01750602,0.01768951,0.018807425,0.020631229,0.021407383,0.022204333,0.022863361,0.02399138,0.024720819,0.025535663,0.026166679,0.027022441,0.027717068,0.028264485,0.02852351,0.029093227,0.029236211,0.029429005,0.030067603,0.030495803,0.030810295,0.031255278,0.031674683,0.032386435,0.033245075,0.034377131,0.035412517,0.036251072,0.036997679,0.037523066,0.037815629,0.037948742,0.03801234,0.03807688,0.038143712,0.038446814,0.038766452,0.039247833,0.039604073,0.039808252,0.040067585,0.040274916,0.040405159,0.04057262,0.040807688,0.040916882,0.041026856,0.041058643,0.041182608,0.041296622,0.041526664,0.041703547,0.041870799,0.04201563,0.042213772,0.042269925,0.042358587,0.042510925,0.042658273,0.042959164,0.043286364,0.043638615,0.043977145,0.044365003,0.044843072,0.045264669,0.045670734,0.046023325,0.046323669,0.046569445,0.046825519,0.0470326,0.047201855,0.047322996,0.047453291,0.047522491,0.047662569,0.047721633,0.047670578,0.047645935,0.04764006,0.04764674,0.047680405,0.047736786,0.047740416,0.04779433,0.047844423,0.047882609,0.04787668,0.047895861,0.047857969,0.04783779,0.047812015,0.047774563,0.047698605,0.047609447,0.047540835,0.047479349,0.047422891,0.047347942,0.047299596,0.047265257,0.047243144,0.047214238,0.047184617,0.047174047,0.047183226,0.047227777,0.04725774,0.047282125,0.047333612,,98,after,,,,,,,
USB,,0.042399303,0.042083958,0.041752059,0.041660264,0.041561835,0.041456426,0.041527775,0.041598244,0.041781402,0.041966998,0.042155089,0.042268715,0.042309475,0.042302103,0.041969274,0.041616687,0.041634255,0.041765255,0.041896965,0.041909144,0.041964656,0.042017983,0.041890035,0.042069676,0.042271258,0.042475724,0.04270558,0.042939209,0.043176715,0.043418206,0.043645994,0.043663094,0.043849151,0.0440372,0.044151235,0.044264166,0.044455522,0.044320518,0.044171417,0.044083966,0.044176469,0.044266259,0.044227143,0.044307734,0.044556665,0.044850451,0.045160384,0.045476832,0.04579649,0.046126702,0.046464163,0.04680914,0.047108144,0.047457207,0.04776885,0.048133125,0.048486311,0.04886741,0.049257629,0.049636343,0.050062409,0.050482541,0.050913467,0.050959849,0.050950073,0.051098622,0.051239738,0.051452079,0.051733031,0.051998813,0.052279653,0.052388555,0.052482589,0.052449577,0.052260382,0.051824726,0.050632833,0.049479667,0.048369568,0.047517721,0.046056211,0.043762263,0.041024609,0.039418045,0.037503509,0.035194084,0.03192259,0.029210592,0.025752056,0.024263225,0.022404657,0.020020641,0.016813477,0.013788539,0.013851983,0.013322127,0.013308028,0.013593065,0.013444983,0.013226803,0.012914286,0.012471709,0.011843697,0.010937756,0.010837822,0.011219129,0.01164375,0.011894422,0.012135598,0.012692955,0.012936812,0.01222921,0.011902381,0.010839742,0.01,0.011086779,0.002886751,0,,,,,,,,,,,,,,,,,,,,,,,,,,,,,,,,,,,,,,,,,,,,,,,,,,,,,,,,,,,,,,,,,,,,,,,,,,,,,,,,,,,,,,,,,,,,,,,,,,,,,,,,,,,,,,,,,,,,,,,,,,,-47,before,,,,,,,
WFC,,0.220409169,0.220888998,0.221372398,0.221866776,0.222411959,0.223011731,0.223622118,0.224293339,0.224967485,0.225575879,0.226224597,0.226823518,0.227445214,0.228000198,0.228554556,0.229160675,0.229691358,0.230170886,0.230722862,0.231274335,0.231777062,0.232211664,0.23267122,0.233050657,0.23341269,0.233729033,0.234093675,0.234467757,0.234877312,0.235232891,0.235514514,0.235753844,0.235974914,0.236162473,0.236252732,0.236277559,0.236369726,0.236406375,0.23632981,0.236355655,0.236342086,0.236466936,0.236591215,0.236735938,0.236986217,0.237294432,0.237524511,0.237638542,0.237719252,0.237660245,0.23749941,0.237204256,0.236850856,0.236517913,0.23614995,0.235751878,0.235334057,0.234908639,0.234508083,0.234019274,0.233379664,0.232476123,0.231681572,0.231187464,0.230567452,0.229866549,0.229008438,0.227867498,0.226386434,0.224693285,0.222880641,0.220629134,0.218337101,0.215560791,0.212168114,0.208214295,0.203754997,0.197563125,0.189975344,0.184365033,0.177633297,0.169201461,0.156769087,0.136239163,0.1285472,0.123417811,0.116663477,0.109409945,0.104446179,0.098581879,0.09701812,0.095240309,0.093934292,0.09072386,0.088233054,0.086587554,0.085659272,0.083140745,0.082055624,0.079981717,0.077880404,0.076507791,0.073841916,0.072242719,0.069137627,0.067157397,0.066117976,0.063846543,0.06293131,0.062570206,0.061254247,0.057653773,0.052260991,0.047371264,0.044219427,0.043591738,0.035625833,0.021560329,,,,0.029172083,0.036364359,0.042177346,0.051467408,0.053378101,0.057052369,0.060787061,0.064174772,0.067536093,0.069412344,0.07119053,0.074229891,0.076923248,0.08000351,0.082556615,0.084943914,0.087854193,0.090930138,0.093159774,0.094082373,0.094964858,0.09628991,0.097039374,0.098616714,0.098192903,0.098160998,0.097945144,0.097772061,0.097891428,0.098194703,0.098423179,0.098874661,0.099691077,0.099336525,0.099270282,0.09941963,0.099723997,0.100618564,0.101524668,0.101695887,0.101656726,0.101520576,0.10144033,0.101479699,0.101430008,0.101030371,0.100900059,0.100806986,0.100569458,0.100187512,0.099712496,0.099248821,0.098698099,0.098212734,0.098032013,0.097677072,0.097427355,0.097149923,0.09696501,0.096871256,0.096754164,0.096877172,0.097156232,0.097349615,0.097819098,0.098349791,0.098936374,0.099956812,0.100574383,0.101299152,0.101882867,0.102383226,0.102753558,0.103003698,0.103327911,0.103731027,0.104144439,0.104689345,0.105029261,0.105733907,0.106040247,0.106349604,0.106909985,0.107185303,0.107324544,0.107192706,0.107009106,0.106794765,0.106608433,0.106605352,0.106838363,0.107235183,0.107506461,0.107853967,0.108399849,0.108968532,0.109336607,0.109599541,0.109915392,0.110208677,0.110665248,0.111018985,0.111329491,0.111551372,0.112101547,0.112545986,0.112939171,0.113343268,0.113738693,0.114212562,0.114729692,0.115165137,0.115527916,0.115877934,0.116329701,0.116843476,0.117405603,0.117775676,,-71,before,,,,,,,
WIN,,0.031687557,0.031594102,0.03149831,0.031405734,0.03129308,0.031220947,0.031141064,0.031080552,0.030987638,0.030933839,0.030833247,0.030763082,0.030632966,0.03050127,0.03032396,0.030151355,0.030008458,0.029892345,0.029781556,0.029669145,0.029541641,0.029351289,0.029143014,0.028903801,0.028655523,0.028475171,0.028307455,0.02808211,0.027912634,0.027719335,0.027479548,0.02727683,0.027157481,0.027076635,0.026939866,0.026828541,0.0267325,0.026603074,0.026472062,0.026327005,0.026110708,0.02587809,0.025665293,0.025338263,0.02504184,0.024741014,0.024553238,0.024319253,0.024057201,0.023827728,0.023581966,0.023292209,0.022975449,0.022673683,0.02229415,0.021907394,0.021525191,0.021236582,0.021015815,0.020791977,0.020642607,0.020543112,0.02044562,0.020361004,0.020286552,0.020210494,0.020092738,0.020026347,0.019973873,0.019918973,0.019901343,0.019936095,0.019957313,0.019920875,0.019853563,0.019840189,0.019763384,0.019742622,0.019708428,0.019686911,0.019618753,0.019492879,0.019361816,0.019169156,0.018967847,0.018792173,0.018639376,0.018415825,0.018185566,0.017965278,0.017631944,0.017489024,0.017297959,0.017061079,0.016661729,0.016275959,0.015881764,0.015357796,0.014601941,0.014110456,0.013635414,0.012980531,0.012335938,0.011627929,0.010987327,0.010445338,0.010235058,0.01013989,0.010064751,0.009426594,0.009173343,0.009041448,0.009101351,0.007904793,0.007246306,0.006915329,0.006206688,0.004037243,,,,0.034446202,0.047709566,0.047172097,0.050197086,0.067530813,0.091426417,0.09844638,0.103816399,0.106128373,0.107085783,0.10740653,0.106089662,0.104293091,0.102763639,0.101136539,0.100639238,0.101224606,0.100150109,0.099509682,0.098945847,0.099273356,0.099346864,0.098673125,0.097655624,0.096623278,0.095872166,0.095136255,0.094761954,0.094481636,0.093866754,0.093636936,0.09347541,0.093566819,0.093235765,0.0930919,0.092877281,0.092565365,0.09211339,0.091772587,0.091408839,0.091224721,0.091260041,0.091556264,0.092374413,0.093200915,0.093713678,0.094534946,0.096083551,0.097442556,0.098790203,0.100737784,0.103161634,0.10448243,0.105591882,0.106919578,0.108156187,0.109023519,0.110167096,0.111276527,0.112049862,0.112484305,0.112749871,0.112973014,0.113195673,0.113725225,0.114127058,0.114341883,0.114436476,0.11423754,0.113960924,0.113580438,0.113149051,0.112653523,0.112104209,0.111554467,0.110983723,0.110412696,0.109838468,0.10926652,0.108744396,0.108197644,0.107742076,0.107267428,0.106767251,0.106266789,0.105762871,0.10535124,0.104927436,0.104494934,0.104111287,0.103714589,0.10329054,0.1028948,0.102522034,0.102182987,0.101825101,0.101499431,0.10120555,0.100927718,0.100725475,0.100631317,0.100520351,0.100569056,0.100525658,0.1004604,0.100479358,0.100545532,0.100699688,0.100906354,0.10103786,0.101166209,0.101284385,0.101323777,0.101316756,0.101259144,0.101162261,0.10109627,0.101008873,,69,after,,,,,,,
YHOO,,0.075737309,0.075505242,0.075272279,0.075157314,0.074913816,0.074757728,0.074533487,0.074338625,0.074151131,0.073888227,0.073637053,0.073365451,0.073142849,0.072890391,0.072720703,0.072487581,0.072214468,0.072051639,0.071801084,0.071581818,0.071339518,0.07116596,0.070833701,0.070536432,0.070238461,0.069961408,0.069711006,0.069421337,0.069115165,0.068921833,0.068823378,0.068778467,0.068708497,0.068523843,0.068451472,0.068322289,0.067917956,0.067507068,0.067233829,0.066962984,0.066755339,0.066424247,0.066055678,0.065481961,0.064976763,0.064331392,0.063822091,0.063144874,0.062533435,0.061988549,0.061658151,0.061439464,0.061242946,0.060906797,0.06053297,0.060246389,0.059985861,0.059877282,0.059787961,0.059760198,0.05971023,0.059576549,0.059476819,0.059180067,0.058661071,0.05853975,0.058584503,0.058741496,0.058744329,0.058437197,0.058191438,0.057828929,0.057389828,0.05680208,0.056264934,0.055702337,0.055255905,0.054923864,0.054542243,0.054299694,0.05383898,0.053563993,0.053416286,0.053248509,0.053053895,0.053033533,0.052903926,0.05257044,0.052419237,0.052097055,0.051907514,0.051826231,0.051561977,0.051297114,0.051038133,0.051108869,0.051043164,0.050501556,0.049895578,0.048133675,0.046143931,0.044764568,0.042049286,0.039064972,0.037467255,0.036514065,0.035625161,0.033947725,0.033327939,0.032545591,0.031355181,0.028657965,0.027279563,0.024392417,0.022384372,0.019466962,0.017855116,0.010531963,,,,0.035364177,0.055428369,0.070104295,0.072645333,0.071184074,0.067726869,0.067258817,0.066024017,0.068313883,0.073760005,0.078151159,0.080180729,0.082108071,0.083750001,0.086661121,0.089608656,0.091859998,0.093809943,0.095447907,0.09600247,0.097035253,0.098014997,0.09957758,0.100920189,0.102093661,0.102918967,0.103633205,0.105618536,0.106322603,0.107234782,0.107891099,0.107993695,0.108325039,0.109118112,0.109998716,0.111109425,0.112884437,0.114946566,0.116943826,0.117939785,0.118642191,0.11874821,0.118352824,0.117911631,0.11748172,0.117261675,0.117096436,0.116981027,0.117113715,0.117073185,0.117335883,0.117742039,0.11813689,0.118579246,0.11910576,0.119696943,0.120265159,0.120672193,0.121099988,0.121343964,0.121344399,0.121528983,0.121396628,0.121288315,0.121200084,0.121322583,0.12147787,0.121530732,0.121666639,0.121799774,0.121967286,0.121929909,0.121838258,0.121961275,0.122067832,0.12218659,0.122416585,0.122812836,0.123119539,0.123397082,0.123792738,0.124336393,0.124541395,0.124704287,0.125086982,0.125436482,0.125503976,0.125761578,0.126130383,0.126500194,0.126903099,0.127353532,0.127586903,0.127843152,0.127987971,0.127906673,0.127875392,0.127830755,0.127771463,0.127803637,0.127740268,0.127601136,0.127467024,0.127415327,0.12742867,0.127590687,0.127623879,0.12762808,0.127562407,0.127440205,0.12729135,0.127173061,0.127110513,0.127001699,0.126895626,0.126724679,0.126515868,0.126282287,,96,after,,,,,,,