timestamp,120_before,60_before,30_before,10_before,5_before,5_after,10_after,30_after,60_after,120_after,ticker
7/21/15 17:00,0.337179321,0.136478454,0.122043752,0.018600206,0.014314084,,,,,,AAPL
1/26/16 17:00,0.572056517,0.262053537,0.189981873,0.069243933,0.038340579,,,,,,AAPL
4/27/15 17:00,0.09553168,0.078289676,0.065763792,0.044322135,0.020542347,,,,,,AAPL
1/23/13 17:00,2.026954412,0.505483798,0.393378565,0.352782983,0.116103402,1.482073716,1.971757772,3.240860147,3.319614684,2.806857215,AAPL
1/31/17 17:00,0.115895987,0.072112923,0.066953094,0.027650857,0.035513688,,,,,,AAPL
4/26/16 17:00,0.138853659,0.137419433,0.135414488,0.070846391,0.049357877,,,,,,AAPL
10/27/15 17:00,0.433410901,0.258012288,0.137206668,0.066971384,0.077555316,,,,,,AAPL
7/24/12 17:00,0.896272286,1.117882831,0.750037375,0.359365181,0.149566039,3.249285818,3.22518683,2.226224343,2.295985484,2.343006309,AAPL
1/24/12 17:00,0.705729741,0.69724467,0.650676286,0.309689468,0.210477552,1.772619531,1.58152605,0.962557811,1.254675187,1.208854589,AAPL
7/26/16 17:00,0.159124131,0.089831987,0.056868788,0.042275878,0.029949491,,,,,,AAPL
4/24/12 17:00,2.479905904,1.05128821,1.119831724,0.588622082,0.09989995,2.124949776,2.256757101,2.966462945,2.345636215,2.304845287,AAPL
7/22/14 05:00,0.087138683,0.052068265,0.017431297,0.017372852,0.015469228,,,,,,AAPL
10/25/16 17:00,0.085960771,0.083194808,0.060502726,0.040986583,0.035951356,,,,,,AAPL
1/27/14 17:00,1.438449435,0.911377842,0.532859647,0.519011978,0.244851383,,,,,,AAPL
4/23/14 17:00,0.285014944,0.224163433,0.131164813,0.091427941,0.098123402,,,,,,AAPL
10/25/12 17:00,1.726217491,1.101397702,1.004189665,0.769037109,0.468544771,1.427706202,2.315708013,2.21821941,1.804423357,2.710491263,AAPL
10/20/14 17:00,0.142675821,0.114777567,0.087086612,0.05677719,0.029813889,,,,,,AAPL
4/23/13 17:00,1.24483792,0.813002749,0.527932993,0.599406605,0.405254488,2.167793809,3.777770183,5.487976765,4.507424061,3.472369417,AAPL
10/28/13 17:00,0.824623551,0.539331119,0.58877403,0.622299682,0.055226805,1.383890892,2.121873076,1.984068539,2.956777384,2.849216693,AAPL
7/23/13 17:00,1.264380718,1.123206664,0.752183387,0.389943372,0.046043458,1.375881536,1.09568854,1.201584501,1.457787774,2.896773563,AAPL
1/27/15 17:00,0.387368862,0.230410743,0.100658445,0.134876159,0.126767504,,,,,,AAPL
10/18/11 17:00,1.205314298,1.03755302,0.57737799,0.368759486,0.333046543,1.128623335,0.797876402,1.549165712,1.457884967,2.734596182,AAPL
11/16/11 16:30,0.07943448,0.069708903,0.031785499,0.014424131,0.013874437,0.030100365,0.037657881,0.070083677,0.098072115,0.13458561,AMAT
11/14/13 16:30,0.050854823,0.029243042,0.032693126,0.009189366,0.002236068,0.004472136,0.005249508,0.016173609,0.016173609,0.016173609,AMAT
8/18/16 16:30,0.06393611,0.059207672,0.042256688,0.012951259,0.010923507,0.013038405,0.0161762,0.02460004,0.02460004,0.02460004,AMAT
2/16/12 16:30,0.032054777,0.019697723,0.015616502,0.011318127,0.0041833,0.00435316,0.084291838,0.104633098,0.108026147,0.149773932,AMAT
11/13/14 16:30,0.07457182,0.062026292,0.044310713,0.018226964,0.013038405,0.029129058,0.043330268,0.028537424,0.028537424,0.028537424,AMAT
8/15/13 16:30,0.031044392,0.016862747,0.013214641,0.012299955,0.010954451,0.126570139,0.162069944,0.100252692,0.129098303,0.148446632,AMAT
5/17/12 16:30,0.032435769,0.025248306,0.010406314,0.010013879,0.01396424,0.038470768,0.034152866,0.031285685,0.032821867,0.032897594,AMAT
8/13/15 16:30,0.057537718,0.028228213,0.018075769,0.014142171,0.018174213,0.01118034,0.008181958,0.020622934,0.020622934,0.020622934,AMAT
5/19/16 16:30,0.03013828,0.021202548,0.013373503,0.009660918,0.0083666,0.007582875,0.007075851,0.020233324,0.020233324,0.020233324,AMAT
5/15/14 16:30,0.065713339,0.02900431,0.015472445,0.012920698,0.012247449,0.018506756,0.014804279,0.011864481,0.011864481,0.011864481,AMAT
2/11/15 16:30,0.066842719,0.020899655,0.017385097,0.016249444,0.008318654,0.036469165,0.032011283,0.029852327,0.029852327,0.029852327,AMAT
2/18/16 16:30,0.02778354,0.023605006,0.015447352,0.008834906,0.006519202,0.006708204,0.010593499,0.013906201,0.013906201,0.013906201,AMAT
11/17/16 16:30,0.105414152,0.041563723,0.025383225,0.01444193,0.013837341,0.018165902,0.055857725,0.040740997,0.040740997,0.040740997,AMAT
5/14/15 16:30,0.021710741,0.015607066,0.016267343,0.006992059,0,0.004472136,0.004249183,0.006901567,0.006901567,0.006901567,AMAT
2/12/14 16:30,0.045078572,0.021818197,0.01493376,0.006773314,0.009418068,0.009617692,0.01844662,0.014224135,0.014224135,0.014224135,AMAT
11/15/12 16:30,0.041334001,0.025301766,0.024536649,0.008102812,0.010246951,0.016039264,0.027933176,0.055333588,0.053163353,0.060149753,AMAT
8/14/14 16:30,0.033603674,0.037770564,0.018106595,0.009554574,0.010947694,0.012747549,0.010658851,0.00885311,0.00885311,0.00885311,AMAT
2/13/13 16:30,0.018586991,0.014071229,0.015043005,0.014424131,0.014142136,0.030903074,0.04762119,0.053478162,0.046789696,0.076573618,AMAT
8/15/12 16:30,0.021302393,0.01836072,0.01251739,0.013515834,0.012942179,0.065421709,0.058805234,0.05337004,0.137969285,0.159433256,AMAT
11/12/15 16:30,0.05623335,0.05955377,0.036358528,0.028329404,0.027018512,0.010473777,0.007880355,0.016328976,0.016328976,0.016328976,AMAT
5/16/13 16:30,0.038821291,0.034967368,0.02050039,0.018708287,0.018165902,0.017451418,0.019148298,0.053402646,0.165219076,0.128663573,AMAT
7/17/14 17:30,0.025745527,0.011315451,0.006854431,0.003920672,0.004159567,,,,,,AMD
1/31/17 17:00,0.032032806,0.025319748,0.020734673,0.007851744,0.008234197,,,,,,AMD
10/20/16 17:00,0.029314615,0.039727692,0.046303885,0.005310461,0.005025137,,,,,,AMD
4/18/13 17:00,0.071901778,0.095350222,0.090657581,0.016646988,0.010954451,0.004975138,0.016379218,0.012377146,0.010042407,0.012231455,AMD
10/17/13 17:30,0.006083652,0.006930554,0.003922674,0.003320793,0.002381596,,,,,,AMD
4/16/15 17:30,0.014379783,0.007315465,0.003074739,0.003333333,0.0041833,,,,,,AMD
1/19/16 17:00,0.026523573,0.018705587,0.011548725,0.002581989,0.002236068,,,,,,AMD
1/21/14 17:30,0.023124748,0.015670615,0.004253593,0.002890905,0.002703331,,,,,,AMD
7/21/16 17:00,0.018160164,0.015060928,0.01216242,0.008566141,0.005459121,,,,,,AMD
4/21/16 17:00,0.035905706,0.0077531,0.005990199,0.004962179,0.00705351,,,,,,AMD
10/16/14 17:30,0.018157448,0.022034386,0.009667983,0.002444972,0.002655184,,,,,,AMD
7/19/12 17:00,0.060886138,0.017079383,0.014090226,0.006666667,0.0083666,0.018708287,0.043046352,0.087212676,0.087839031,0.08139346,AMD
1/24/12 17:00,0.05219173,0.040288345,0.037334702,0.027590757,0.033515668,0.051596512,0.045230139,0.083942133,0.112824561,0.105196126,AMD
10/15/15 17:00,0.007900728,0.006156005,0.004639224,0.002408527,0.002720662,,,,,,AMD
4/19/12 17:00,0.057482094,0.04774905,0.04218051,0.011067972,0.004472136,0.02594128,0.034933309,0.059405631,0.042606638,0.035556245,AMD
4/17/14 17:30,0.010292493,0.008469428,0.006737949,0.003162278,0.002236068,,,,,,AMD
1/20/15 17:30,0.04000447,0.01184498,0.003423967,0.002569241,0.002738613,,,,,,AMD
10/18/12 17:00,0.031363667,0.027255548,0.013765302,0.018749841,0.020514678,0.00433728,0.004113717,0.02794092,0.045570043,0.084672793,AMD
1/22/13 17:00,0.010718663,0.009909204,0.006926943,0.006588955,0.0041833,0.015811388,0.01313577,0.017158586,0.033292204,0.025761837,AMD
10/27/11 17:00,0.042835299,0.0376626,0.017529549,0.017256628,0.016623718,0.057473516,0.054956569,0.043056298,0.038141923,0.07568495,AMD
7/16/15 17:30,0.006675945,0.003411968,0.002421171,4.68E-16,2.48E-16,,,,,,AMD
7/18/13 17:00,0.075766798,0.042061406,0.014642545,0.010022752,0.010606602,0.024083189,0.018794266,0.02750381,0.024230812,0.054705125,AMD
7/26/16 09:00,0.064653865,0.028967818,0.038244949,0.005278773,0.004472136,,,,,,BP
7/29/14 09:00,0.044992752,0.022101087,0.012038437,0.004772328,0.005468364,,,,,,BP
2/2/16 09:00,0.123721387,0.063776853,0.038961183,0.017268031,0.020736441,,,,,,BP
2/4/14 09:00,0.153084818,0.089702481,0.0528258,0.009635582,0.005458938,,,,,,BP
4/30/13 11:00,0.365070889,0.096489528,0.030256106,0.048299769,0.047249339,0.047113692,0.045066494,0.030748499,0.024041585,0.030012043,BP
2/5/13 09:00,0.061001395,0.07266741,0.052807108,0.034176178,0.036848338,0.017888544,0.028557933,0.096240942,0.08062541,0.084413143,BP
7/28/15 09:00,0.055853965,0.038487105,0.047396477,0.045090143,0.027192499,,,,,,BP
10/27/15 10:00,0.055221417,0.062149289,0.021278607,0.014245374,0.018435346,,,,,,BP
11/1/16 05:00,0.078205273,0.030439751,0.020737179,0.01336638,0.01546648,,,,,,BP
10/28/14 10:00,0.062672105,0.042779951,0.03656525,0.008632658,0.005132056,,,,,,BP
4/26/16 09:00,0.064354991,0.063951487,0.049301085,0.017140598,0.006433661,,,,,,BP
7/31/12 09:00,0.047286254,0.040782392,0.036134661,0.018449679,0.011382091,0.051727169,0.112910746,0.119443294,0.123153443,0.104941432,BP
7/30/13 09:00,0.022277852,0.02495951,0.031911067,0.026457532,0.0125499,0.026290683,0.033810945,0.074325759,0.12224245,0.107331564,BP
2/7/17 04:00,0.036995095,0.023237015,0.009652076,0.008089946,0.006778643,,,,,,BP
10/29/13 10:00,0.075938033,0.075938033,0.075938033,0.046727866,0.056045767,0.057489129,0.054530949,0.05663708,0.121151527,0.130669554,BP
4/28/15 09:00,0.108371455,0.071416404,0.026417414,0.020129922,0.011106665,,,,,,BP
8/20/15 05:30,0.00894802,0.008034403,0.007495669,0.005986095,0.006708204,,,,,,BRCD
5/19/16 05:30,0.017986227,0.015469665,0.011741486,0.007835106,0.007582875,,,,,,BRCD
2/13/14 05:30,0.027425244,0.017062293,0.021429282,0.015678751,0.005477226,,,,,,BRCD
8/21/14 05:30,0.015476059,0.013513201,0.009343575,0.006423991,0.004472136,,,,,,BRCD
5/17/12 05:30,0.010519183,0.008286177,0.007710643,0.006770032,0.006519202,0.018574176,0.015196816,0.020543434,0.042945612,0.035643797,BRCD
11/23/15 05:30,0.022252244,0.016623744,0.018311638,0.019002924,0.007071068,,,,,,BRCD
8/25/16 17:30,0.044539225,0.04023822,0.026213212,0.008644202,0.01,,,,,,BRCD
11/18/13 05:30,0.00498387,0.004965814,0.002626251,0.001581139,0.002236068,,,,,,BRCD
2/14/13 17:00,0.019627133,0.008141521,0.008996059,0.009189366,0.009746794,0.047749346,0.052288058,0.040587387,0.047204702,0.038953294,BRCD
11/19/12 05:30,0.010910635,0.011531632,0.005593921,0.008140434,0.010009995,0.009950276,0.016544674,0.024764796,0.032591077,0.042974722,BRCD
8/16/12 05:30,0.007082712,0.006691591,0.008170615,0.011097592,0.012247449,0.010606602,0.009292918,0.014584287,0.03459844,0.032527609,BRCD
5/16/13 05:30,0.004138818,0.003896353,0.00378218,0.00298189,0.003528456,0.005123475,0.006927401,0.013767111,0.011122507,0.038739216,BRCD
11/24/14 05:30,0.056945561,0.043796305,0.011122544,0.004835161,0.002225309,,,,,,BRCD
2/19/15 05:30,0.040021654,0.03174917,0.02958366,0.007527727,0.006708204,,,,,,BRCD
5/22/14 05:30,0.024499158,0.007356887,0.002805872,0.001581139,0,,,,,,BRCD
5/21/15 05:30,0.04047334,0.01803844,0.013421761,0.00944281,0.009082951,,,,,,BRCD
2/17/16 05:30,0.065355191,0.033635847,0.014481294,0.015467561,0.004433058,,,,,,BRCD
8/13/13 05:30,0.011478138,0.011239185,0.006814454,0.011352924,0.008944272,0.013274035,0.015073524,0.013634842,0.018489314,0.026386239,BRCD
2/21/12 05:30,,,,,,0.008682626,0.009859462,0.010016527,0.013894526,0.029797857,BRCD
11/21/11 05:30,0.020463195,0.014885966,0.011201644,0.006324555,0.005700877,0.014832397,0.015855248,0.027156816,0.054527885,0.049192149,BRCD
4/22/14 08:30,0.099927338,0.037663791,0.016342239,0.015731412,0.016807736,,,,,,CMCSA
7/22/14 08:30,0.053884577,0.041092372,0.028579391,0.014181365,0.015165751,,,,,,CMCSA
11/2/11 08:30,0.072953557,0.086066711,0.11676002,0.015420045,0.009082951,0.084068425,0.075173873,0.103844328,0.156953102,0.125934721,CMCSA
8/1/12 08:30,0.050737578,0.036554688,0.022894978,0.021340751,0.027386128,0.099874922,0.079667713,0.116331214,0.094946632,0.105556646,CMCSA
10/26/16 20:30,0.158926084,0.064810434,0.048340759,0.013152524,0.015247951,,,,,,CMCSA
2/3/16 08:30,0.117189998,0.107898334,0.116836677,0.044981478,0.051185936,,,,,,CMCSA
4/27/16 08:30,0.03495737,0.035399081,0.034914411,0.03734598,0.018574176,,,,,,CMCSA
1/26/17 08:30,0.137860092,0.088640686,0.049977294,0.021915241,0.022192341,,,,,,CMCSA
2/15/12 08:30,0.080761301,0.091291635,0.066488621,0.031714876,0.026925824,0.188494032,0.155464358,0.102304481,0.082211437,0.077917358,CMCSA
5/1/13 08:30,0.045163073,0.05566691,0.052528985,0.045995169,0.008944272,0.150913883,0.148720469,0.136116394,0.142858243,0.148037181,CMCSA
10/23/14 08:30,0.13389505,0.093697037,0.069931954,0.045980793,0.041289224,,,,,,CMCSA
7/23/15 08:30,0.052734611,0.060771266,0.01741996,0.009839879,0.012041595,,,,,,CMCSA
2/13/13 08:30,0.034253849,0.040659931,0.027409795,0.012892759,0.015378622,0.269666461,0.183387813,0.106177297,0.077450208,0.068061157,CMCSA
1/28/14 08:30,0.17200228,0.130333095,0.055148854,0.034705107,0.01396424,,,,,,CMCSA
7/27/16 08:30,0.144254367,0.052925126,0.027671228,0.022525048,0.024572342,,,,,,CMCSA
7/31/13 08:30,0.06769675,0.070018034,0.060751463,0.027284509,0.022472205,0.130843418,0.101629829,0.353748988,0.32193976,0.317418434,CMCSA
5/2/12 08:30,0.06353966,0.065321044,0.039027121,0.010677333,0.013416408,0.169322178,0.118350938,0.077896926,0.101118674,0.092154664,CMCSA
2/24/15 08:30,0.101306807,0.053656627,0.054486909,0.011264872,0.009975069,,,,,,CMCSA
5/4/15 07:30,0.067469567,0.034824137,0.023058252,0.01025242,0.007582875,,,,,,CMCSA
10/30/13 08:30,0.058490997,0.03550247,0.029374851,0.021628171,0.025149553,,,,,,CMCSA
10/24/15 08:30,0.060273468,0.038610634,0.02073367,0.017802934,0.020186629,,,,,,CMCSA
10/26/12 08:30,0.064803948,0.048854538,0.045269782,0.017709069,0.020736441,0.081547532,0.087577781,0.094560724,0.120779343,0.121310175,CMCSA
8/13/14 16:30,0.035601085,0.021253489,0.020949144,0.008819171,0.0125499,0.009082951,0.01296152,0.014978255,0.014978255,0.014978255,CSCO
5/18/16 16:30,0.044846009,0.034495106,0.026699974,0.034562382,0.021679483,0.01440486,0.017861206,0.023626918,0.023626918,0.023626918,CSCO
5/9/12 16:30,0.050983073,0.047825406,0.041907192,0.017032309,0.007071068,0.083845095,0.05827416,0.057530506,0.061082939,0.067361903,CSCO
11/13/13 16:30,0.052753591,0.035755727,0.040390167,0.013098533,0.011781341,0.008944272,0.006480955,0.012228553,0.012228553,0.012228553,CSCO
11/12/14 16:30,0.054225048,0.060032422,0.021249927,0.008810152,0.008674215,0.0041833,0.006593001,0.007050224,0.007050224,0.007050224,CSCO
2/10/16 16:30,0.0773353,0.066846859,0.037329332,0.018774983,0.018506756,0.011401754,0.033768657,0.036027555,0.036027555,0.036027555,CSCO
11/9/11 16:30,0.059721052,0.061430871,0.058697287,0.047473058,0.020621639,0.090037215,0.123213467,0.089686191,0.092963405,0.107141591,CSCO
11/13/12 16:30,0.023120784,0.014804757,0.012326264,0.009336309,0.009984989,0.024884634,0.049210699,0.076086453,0.104956942,0.078850802,CSCO
5/14/14 16:30,0.046463896,0.034515198,0.027814012,0.0163161,0.015355781,0.013524127,0.010607173,0.024922141,0.024922141,0.024922141,CSCO
2/8/12 16:30,0.068746967,0.051937588,0.030702515,0.024893161,0.00212132,0.048906462,0.085822795,0.178879978,0.143626132,0.145473383,CSCO
5/15/13 16:30,0.027525838,0.026054778,0.032835207,0.021547013,0.027018512,0.110627528,0.109557281,0.180423783,0.164129715,0.161940579,CSCO
5/13/15 16:30,0.047645007,0.037189284,0.037224591,0.022425343,0.018184609,0.016712331,0.013882719,0.011900802,0.011900802,0.011900802,CSCO
2/13/13 16:30,0.03157659,0.039604512,0.036656572,0.029518544,0.018756332,0.040591649,0.046901035,0.066360143,0.072418321,0.094019059,CSCO
8/15/12 16:30,0.049074961,0.06015873,0.034560212,0.025500545,0.022472205,0.041652947,0.096470984,0.075583057,0.064528405,0.064473025,CSCO
8/12/15 16:30,0.066397015,0.042305633,0.034989257,0.021099805,0.02607681,0.037316216,0.040362937,0.051620012,0.051620012,0.051620012,CSCO
11/12/15 16:30,0.077728147,0.034499602,0.020739905,0.010865337,0.013038405,0.010454664,0.010873515,0.014576682,0.014576682,0.014576682,CSCO
8/17/16 16:30,0.052884806,0.038283901,0.038984001,0.031408428,0.004666048,0.011937336,0.036362374,0.078622688,0.078622688,0.078622688,CSCO
8/14/13 16:30,0.040036426,0.03987185,0.024139462,0.018911243,0.015615761,0.046815617,0.06850238,0.073014053,0.079380203,0.067650363,CSCO
2/11/15 16:30,0.068053436,0.047583699,0.037600015,0.025040137,0.006951834,0.002236068,0.002103146,0.0036285,0.0036285,0.0036285,CSCO
10/17/12 17:00,0.085496478,0.105774242,0.122690941,0.044020197,0.004472136,0.327550762,0.397667255,0.4723633,0.371637464,0.295058996,EBAY
7/16/15 08:00,0.143020971,0.105693131,0.033718292,0.034287388,0.010954451,,,,,,EBAY
7/18/12 17:00,0.136872415,0.048225584,0.030977711,0.014201862,0.012329152,0.141266415,0.178189818,0.258079683,0.231722757,0.174801924,EBAY
7/17/13 17:00,0.093987224,0.109934664,0.100628378,0.062663675,0.049949975,0.101587401,0.097366718,0.109882833,0.117864153,0.118745148,EBAY
4/29/14 17:00,0.146588915,0.057581483,0.050075822,0.037301326,0.007582875,,,,,,EBAY
7/20/16 17:00,0.029985407,0.029895087,0.027750991,0.020248457,0.016355427,,,,,,EBAY
7/16/14 17:00,0.061902157,0.031355455,0.038489412,0.040290611,0.013416408,,,,,,EBAY
1/21/15 17:00,0.108958904,0.072750214,0.042814044,0.024726279,0.027018512,,,,,,EBAY
1/27/16 16:30,0.154315365,0.055056911,0.038824913,0.035516037,0.045607017,0.020310096,0.042674478,0.061928172,0.061928172,0.061928172,EBAY
1/25/17 17:00,0.089127776,0.074774964,0.031358146,0.010540926,0.007582875,,,,,,EBAY
4/22/15 17:00,0.040060434,0.040461524,0.048826078,0.010420898,0.005050545,,,,,,EBAY
4/18/12 17:00,0.062830782,0.054000448,0.049651705,0.031202742,0.01,0.10894953,0.090922739,0.417150655,0.501350967,0.749848767,EBAY
1/22/14 17:00,0.114958473,0.098451981,0.081919612,0.021137142,0.009082951,,,,,,EBAY
10/18/16 17:30,0.067515099,0.0232626,0.028273029,0.026451977,0.013315104,,,,,,EBAY
10/16/13 17:00,0.10760138,0.106280367,0.05001585,0.030522489,0.023304763,,,,,,EBAY
1/16/13 17:00,0.167392547,0.090365801,0.115649804,0.070137959,0.052190037,0.361137093,0.290994635,0.194016047,0.165127478,0.1610693,EBAY
4/17/13 17:00,0.139800137,0.081755755,0.082483756,0.063770422,0.074027022,0.285306852,0.310512122,0.212024437,0.240267825,0.346156546,EBAY
10/21/15 17:00,0.062112326,0.057729739,0.067018781,0.015989232,0.010368221,,,,,,EBAY
10/19/11 17:00,0.169184266,0.113209532,0.074060552,0.030327181,0.009334774,0.113306187,0.104869943,0.08138497,0.175147084,0.356967424,EBAY
1/18/12 17:00,0.057193297,0.072406689,0.075252959,0.029832868,0.040373258,0.151915921,0.153081945,0.126338538,0.187637582,0.209909723,EBAY
4/26/16 17:00,0.033067666,0.03373115,0.030164301,0.038282575,0.025592968,,,,,,EBAY
4/21/15 09:00,0.025537432,0.018672022,0.009292501,0.003944053,0.003708099,,,,,,FITB
4/19/12 09:30,0.024959699,0.026110575,0.016175226,0.008644202,0.0041833,0.035071356,0.07603802,0.070318448,0.103091226,0.087617779,FITB
7/19/12 09:00,0.038983335,0.030988954,0.03059562,0.017288403,0.004472136,0.06363961,0.084828258,0.083099532,0.06692047,0.051654297,FITB
1/20/12 09:00,0.034426086,0.029194616,0.023838688,0.014869447,0.0083666,0.050565818,0.038523599,0.056255001,0.100363601,0.129343162,FITB
10/18/12 09:00,0.029750495,0.021361456,0.023892215,0.013123346,0.010606602,0.058991525,0.054579198,0.05228051,0.044377568,0.041775922,FITB
1/17/13 09:30,0.026906131,0.034511484,0.013525637,0.021279643,0.018165902,0.048416939,0.035883918,0.040080436,0.112010888,0.14049801,FITB
7/17/14 09:30,0.028103901,0.024616974,0.018747858,0.007125073,0.007582875,,,,,,FITB
7/18/13 09:00,0.028058404,0.022638616,0.024649131,0.026267851,0.015,0.159749804,0.144794874,0.092966375,0.106336367,0.10036275,FITB
1/21/15 09:00,0.053064235,0.04268313,0.039476843,0.010600886,0.010025069,,,,,,FITB
10/20/11 09:00,0.037809045,0.034071587,0.032599979,0.024585452,0.018708287,0.051001961,0.064329793,0.103991809,0.091325115,0.077670253,FITB
4/18/13 09:30,0.03986943,0.026704091,0.014463589,0.018173546,0.023822258,0.14007141,0.100019559,0.059189677,0.075342227,0.109777196,FITB
1/23/14 09:00,0.040460015,0.019472774,0.012744234,0.006181909,0.003325207,,,,,,FITB
4/17/14 09:30,0.048434511,0.023260827,0.012699219,0.014669731,0.01890767,,,,,,FITB
7/21/15 09:00,0.022895112,0.007377896,0.005337036,0.004897267,0.007125167,,,,,,FITB
4/21/16 09:00,0.026264534,0.030690337,0.023742592,0.008329999,0.01044988,,,,,,FITB
7/28/16 09:00,0.033372159,0.033461929,0.02033089,0.00875595,0.008215838,,,,,,FITB
10/17/13 09:00,0.033239322,0.014237102,0.006939997,0.005374838,0,,,,,,FITB
1/21/16 09:00,0.047020095,0.054397693,0.062490553,0.020626113,0.013228757,,,,,,FITB
10/20/16 09:00,0.058051641,0.017116891,0.012282325,0.011067972,0.009354143,,,,,,FITB
10/20/15 09:00,0.025966256,0.017859619,0.016678107,0.014229375,0.006519202,,,,,,FITB
1/24/16 09:00,0.042275782,0.03730874,0.02896887,0.021499354,0.007416198,,,,,,FITB
4/26/16 08:30,0.035355489,0.015873317,0.016602702,0.006679987,0.005504544,,,,,,GLW
10/24/12 08:30,0.02533753,0.014254882,0.013767361,0.00529675,0.004472136,0.074161985,0.096752835,0.085761316,0.073489087,0.088963242,GLW
7/29/14 08:30,0.035587276,0.020051147,0.016748622,0.011253686,0.016355427,,,,,,GLW
1/28/14 08:30,0.048774624,0.024601844,0.019879615,0.017568561,0.006339716,,,,,,GLW
10/30/13 08:30,0.035063414,0.032753903,0.03225623,0.022594001,0.012891858,,,,,,GLW
4/28/14 08:30,0.033016536,0.029593796,0.026130303,0.017133528,0.006123888,,,,,,GLW
7/25/12 08:30,0.022476169,0.030784729,0.023254498,0.015986105,0.009617692,0.022779421,0.026734931,0.083169756,0.149791979,0.298828385,GLW
1/26/16 08:30,0.065645604,0.025689748,0.022668126,0.009264628,0.010839742,,,,,,GLW
10/26/11 08:30,0.032167143,0.034911144,0.008907104,0.011316163,0.005,0.073518705,0.051518498,0.118672869,0.281342578,0.401676466,GLW
7/27/16 08:30,0.015458906,0.006015417,0.003867384,0.001577938,0.002236068,,,,,,GLW
10/25/16 08:30,0.025752705,0.030137413,0.02768005,0.023973365,0.015165751,,,,,,GLW
10/27/15 08:30,0.022945919,0.020709504,0.021627553,0.012122064,0.007416198,,,,,,GLW
7/30/13 08:30,0.032025887,0.025488804,0.019591731,0.021286472,0.004472136,0.154874788,0.178176598,0.135408863,0.14225132,0.117239436,GLW
4/28/15 08:30,0.09057437,0.049159291,0.045282323,0.02288255,0.003535534,,,,,,GLW
10/28/14 08:30,0.036150101,0.027736536,0.025567219,0.016295224,0.0083666,,,,,,GLW
1/25/12 08:30,0.037975073,0.039718438,0.029406256,0.021864482,0.017464249,0.059833101,0.08953584,0.113678473,0.122999479,0.124649546,GLW
1/29/13 08:30,0.032142668,0.039783186,0.037885767,0.029993333,0.023177575,0.009082951,0.011785113,0.047519211,0.044772826,0.05377199,GLW
1/27/15 08:30,0.049376477,0.014886535,0.012895916,0.007835539,0.005642517,,,,,,GLW
4/25/12 08:30,0.027142917,0.021359491,0.021653091,0.009990045,0.004472136,0.036441048,0.046253313,0.064139222,0.059449023,0.052085665,GLW
4/24/13 08:30,0.022413941,0.010826053,0.011628147,0.012791056,0.011726039,0.071489859,0.069887103,0.05892042,0.062625289,0.060652114,GLW
7/28/15 08:30,0.056822207,0.024557945,0.023358231,0.008959563,0.005028718,,,,,,GLW
10/17/13 16:30,2.226021272,1.425291154,1.049934758,0.530172467,0.267619132,0.505394106,0.642531159,0.501546869,0.501546869,0.501546869,GOOG
4/18/13 16:30,1.639336571,1.252778523,1.159714273,0.980491623,1.334562175,2.606388249,3.699720577,4.923777527,6.357814722,5.006312994,GOOG
4/21/16 16:30,1.352499863,0.798662596,0.377853787,0.242965475,0.148222805,0.500819329,0.474049048,0.571047757,0.571047757,0.571047757,GOOG
10/22/15 16:30,1.46769732,0.665322647,0.863170216,0.149034297,0.115387556,0.253189652,0.576470946,0.508100914,0.508100914,0.508100914,GOOG
1/30/14 16:30,4.915939467,2.821005105,0.970060526,0.778433985,0.439273493,0.689309582,0.673812233,0.959574427,0.959574427,0.959574427,GOOG
1/19/12 16:30,1.264284064,1.179589795,0.712218234,0.601201423,0.476161737,0.494085013,1.275433103,1.464251696,1.260450317,0.993245997,GOOG
7/16/15 16:30,2.448600887,1.491671902,0.701870151,0.277450696,0.288530761,0.240489767,0.375559165,0.27755719,0.27755719,0.27755719,GOOG
1/29/15 16:30,1.503889408,0.50918844,0.475904717,0.345372601,0.375233261,0.18939377,0.384316051,0.627742895,0.627742895,0.627742895,GOOG
10/27/16 16:30,0.994259426,0.71663325,0.385582769,0.422210724,0.332637941,0.296563653,0.372528328,0.32234935,0.32234935,0.32234935,GOOG
1/26/17 16:30,1.364045942,0.987192007,0.729557823,0.320990552,0.29953297,0.205345811,0.236196849,0.48658977,0.48658977,0.48658977,GOOG
7/17/14 16:30,0.938982598,0.916882756,0.693792611,0.305345433,0.373470213,0.126686432,0.216733684,0.320984371,0.320984371,0.320984371,GOOG
10/16/14 16:30,1.634681529,1.623521548,1.16886439,0.385712098,0.43984395,0.320936131,0.703622571,0.838074287,0.838074287,0.838074287,GOOG
2/1/16 16:30,1.920410093,0.8061085,0.523767455,0.319249435,0.276990753,0.450449944,0.395885943,0.363669596,0.363669596,0.363669596,GOOG
10/18/12 04:30,0.733791288,0.30421403,0.282841609,0.252156698,0.220386025,0.96778262,0.736956572,1.27958815,2.728497536,2.551454399,GOOG
4/23/15 16:30,1.393086704,1.256033691,0.918444264,0.210544268,0.065992424,0.082643814,0.161453955,0.216807265,0.216807265,0.216807265,GOOG
4/16/14 16:30,1.798273211,1.47090156,1.28567902,0.349046638,0.227043388,0.326721135,0.354432943,0.50589937,0.50589937,0.50589937,GOOG
7/18/13 16:30,2.96839411,1.790950835,1.210959853,0.361839806,0.26688949,0.798135327,1.122167149,2.130852835,1.581055132,3.070250245,GOOG
10/13/11 16:30,0.991595356,0.907982721,1.0387006,1.135110861,0.990292886,1.186279394,0.938562201,1.692185715,1.819573781,1.941528223,GOOG
7/28/16 16:30,0.848893661,0.759382851,0.618714604,0.151763559,0.147657712,0.133397901,0.119065808,0.813432802,0.813432802,0.813432802,GOOG
4/12/12 16:30,3.136868586,1.239967079,0.98804756,0.173829813,0.062837632,1.956302635,4.353050794,2.949748608,2.421047705,2.812587896,GOOG
1/22/13 16:30,0.955116196,0.899723863,0.62677502,0.458456844,0.472646591,0.861981003,1.183891475,2.769766528,2.309687463,1.834611393,GOOG
7/19/12 16:30,0.887370958,0.785212338,0.95289298,1.155644186,0.736831053,0.816631436,1.508919967,1.659717503,3.49229097,3.54112782,GOOG
1/16/14 10:00,0.015225423,0.014122327,0.013126266,0.006146363,0.006123724,,,,,,HBAN
1/17/13 10:00,0.079840463,0.091268822,0.03713203,0.011352924,0.006123724,0.003535534,0.010219806,0.037710682,0.029648054,0.026502727,HBAN
1/25/16 09:00,0.012793605,0.015296022,0.011536113,0.008498366,0.005,,,,,,HBAN
10/22/15 10:00,0.016920376,0.015730741,0.004857155,0.005868939,0.005477226,,,,,,HBAN
4/18/12 10:00,0.056876801,0.071431695,0.040411803,0.019439079,0.015658863,0.011726039,0.016064108,0.025243345,0.047753658,0.051156225,HBAN
10/20/11 10:00,0.128505878,0.153820419,0.0342276,0.04532598,0.046368092,0.006708204,0.008288573,0.033076961,0.027970595,0.030924182,HBAN
10/17/13 10:00,0.0184008,0.01734964,0.009830169,0.002993047,0.002236068,,,,,,HBAN
4/16/14 10:00,0.020263013,0.009791409,0.010112487,0.008881942,0.009746794,,,,,,HBAN
4/17/13 10:00,0.036338617,0.048184957,0.045595302,0.011230296,0.013416408,0.00935938,0.012118127,0.010850648,0.027712272,0.039364085,HBAN
10/17/14 10:00,0.031416056,0.010269922,0.008472699,0.006305562,0.006131721,,,,,,HBAN
1/22/15 10:00,0.0360062,0.007927995,0.007849153,0.006851602,0.006519202,,,,,,HBAN
1/21/16 09:00,0.042885607,0.038850495,0.03686717,0.011595018,0.012942179,,,,,,HBAN
7/18/14 10:00,0.037969446,0.01092687,0.007211413,0.00640112,0.005477226,,,,,,HBAN
4/20/16 09:00,0.029131219,0.010329856,0.009048084,0.009204468,0.007071068,,,,,,HBAN
7/21/16 09:00,0.00555119,0.006181954,0.004320479,0.005501515,0.005310367,,,,,,HBAN
7/19/12 10:00,0.050400189,0.059115189,0.020938892,0.011346115,0.011371104,0.016530275,0.016239954,0.019098157,0.032326241,0.024622722,HBAN
7/18/13 10:00,0.046618139,0.061468466,0.084524347,0.010327956,0.005,0.009044335,0.014893582,0.013851017,0.024921276,0.024637027,HBAN
10/26/16 09:00,0.010680921,0.007011672,0.008852973,0.010604239,0.0041833,,,,,,HBAN
7/23/15 10:00,0.01098002,0.007886859,0.003700371,0.002394438,0.002738613,,,,,,HBAN
10/18/12 10:00,0.055844416,0.071919214,0.031170216,0.01884206,0.021476778,0.007582875,0.008881942,0.027628895,0.046136572,0.0513453,HBAN
1/19/12 10:00,0.069226537,0.088570335,0.076536511,0.017338461,0.0083666,0.009746794,0.006770032,0.007257837,0.020342979,0.023180534,HBAN
11/26/13 17:00,0.018247587,0.013382251,0.013485686,0.004375297,0.004369439,,,,,,HPQ
5/25/16 17:00,0.008839165,0.00814734,0.006313499,0.007453627,0.003500286,,,,,,HPQ
11/25/14 17:00,0.052118983,0.038303441,0.034858093,0.02678527,0.018708287,,,,,,HPQ
2/24/15 17:00,0.05207699,0.041700589,0.011193389,0.009846037,0.008944272,,,,,,HPQ
5/22/13 17:00,0.030667609,0.027683453,0.032142081,0.012624509,0.003626569,0.106677083,0.176845199,0.228561612,0.344088336,0.310300186,HPQ
11/24/15 17:00,0.067664296,0.052080438,0.041179297,0.027809039,0.010705933,,,,,,HPQ
5/21/15 17:00,0.080222127,0.02458383,0.027205359,0.022409346,0.025572485,,,,,,HPQ
2/22/12 17:00,0.040637487,0.045514237,0.052021324,0.016167598,0.01233418,0.129151074,0.100698132,0.180014695,0.137314141,0.148856385,HPQ
8/24/16 17:00,0.02725858,0.028958247,0.021327152,0.01061781,0.010606602,,,,,,HPQ
8/22/12 17:00,0.031473184,0.026925987,0.028811975,0.034816982,0.023184046,0.029475787,0.072662728,0.114278397,0.085118178,0.063207755,HPQ
2/24/16 17:00,0.081969438,0.04873446,0.043556463,0.017775939,0.015657331,,,,,,HPQ
8/21/13 17:00,0.074785061,0.059548213,0.065937081,0.025985731,0.007071209,0.069481667,0.125733267,0.175567026,0.375351478,0.334332678,HPQ
2/22/17 17:00,0.024920542,0.0173019,0.021183242,0.005192088,0.001688787,,,,,,HPQ
11/21/11 17:00,0.155836728,0.151697712,0.176410463,0.037924422,0.021061054,0.19988985,0.247011653,0.164214068,0.12582956,0.111420055,HPQ
8/20/14 17:00,0.03853933,0.022951854,0.025477275,0.028164004,0.020364184,,,,,,HPQ
2/21/13 17:00,0.152552932,0.059199231,0.044566732,0.031596077,0.018371228,0.06476428,0.101078794,0.105606961,0.165509467,0.224331455,HPQ
2/20/14 17:00,0.22080293,0.110298005,0.099753748,0.00944281,0.01118034,,,,,,HPQ
11/22/16 17:30,0.068036737,0.053819343,0.049719728,0.008181958,0.006519202,,,,,,HPQ
5/22/14 17:00,0.081241334,0.035583057,0.031393296,0.012695165,0.010234647,,,,,,HPQ
11/20/12 08:30,0.046931035,0.046636831,0.0351523,0.014181365,0.012247449,0.070072819,0.085765977,0.055988302,0.092355528,0.163825123,HPQ
5/23/12 16:30,0.120012923,0.055640095,0.071345586,0.029628102,0.027003703,0.125817328,0.184755093,0.118743755,0.103536638,0.136332641,HPQ
10/18/16 17:00,0.058505165,0.047026804,0.054025973,0.006578424,0.007905694,,,,,,INTC
1/16/14 17:00,0.055597138,0.05251632,0.024571651,0.015099525,0.016046807,,,,,,INTC
7/15/15 17:00,0.038975968,0.041486683,0.036587951,0.02395932,0.026124701,,,,,,INTC
10/13/15 17:00,0.042853704,0.038585424,0.03117068,0.012890173,0.013416408,,,,,,INTC
7/17/13 17:00,0.038459819,0.029444665,0.033439828,0.016329986,0.022820999,0.07214931,0.050941122,0.081186489,0.074826738,0.080702247,INTC
10/18/11 17:30,0.072901997,0.049402325,0.037083715,0.042150524,0.035637059,0.055520267,0.075458542,0.14940437,0.141920438,0.105183114,INTC
4/14/15 17:00,0.05628437,0.02780409,0.01372361,0.009451631,0.009909591,,,,,,INTC
4/19/16 17:00,0.076165588,0.042517818,0.024530332,0.026853365,0.011109095,,,,,,INTC
7/20/16 17:30,0.068069186,0.046503825,0.047769464,0.012467291,0.006123724,,,,,,INTC
1/26/17 17:00,0.095832484,0.039418492,0.024988849,0.005427297,0.003598611,,,,,,INTC
1/15/15 17:00,0.149938551,0.084523603,0.056455473,0.041419266,0.048528342,,,,,,INTC
10/15/13 17:00,0.03828309,0.029182044,0.027758172,0.03398104,0.011300442,,,,,,INTC
7/17/12 17:00,0.111318281,0.082367484,0.027650578,0.035296396,0.021670302,0.223539706,0.302397825,0.250944481,0.247756593,0.202776243,INTC
4/17/12 17:00,0.036540238,0.04932431,0.059367383,0.060711064,0.051526692,0.088321866,0.070842803,0.090031345,0.168596445,0.145007941,INTC
10/16/12 17:00,0.045397867,0.048409012,0.037791761,0.013434136,0.004461166,0.085048821,0.103548398,0.132415437,0.168390708,0.122766749,INTC
1/19/12 17:30,0.038249626,0.043052543,0.024768158,0.026981082,0.032863353,0.045276926,0.04512021,0.132958843,0.114720998,0.161134069,INTC
1/14/16 17:00,0.103604876,0.031491435,0.036809803,0.028780412,0.031167323,,,,,,INTC
1/17/12 17:00,0.03902876,0.026330731,0.023448173,0.021413651,0.022803509,0.033078694,0.047488199,0.084700671,0.079577982,0.094470115,INTC
4/16/13 17:00,0.048001339,0.037282124,0.01635006,0.012572015,0.008944272,0.042996651,0.06537562,0.052889028,0.063085166,0.059800941,INTC
7/15/14 17:00,0.107792738,0.109289737,0.058225717,0.026539287,0.021308496,,,,,,INTC
4/15/14 17:00,0.050032117,0.029435215,0.021048252,0.009699765,0.011366706,,,,,,INTC
1/24/13 15:00,0.105089765,0.026987024,0.029176911,0.026504717,0.035777088,0.036469165,0.036651512,0.048953887,0.139392899,0.309142774,LMT
4/22/14 11:00,0.240179553,0.119375264,0.092735073,0.073043981,0.078294317,,,,,,LMT
4/26/16 11:00,0.208548204,0.142105803,0.148759796,0.093386235,0.031349641,,,,,,LMT
7/24/12 11:00,0.610450093,0.28639922,0.220084065,0.062084172,0.055946403,0.073959448,0.055617743,0.241934161,0.178391513,0.27394867,LMT
1/26/12 15:00,0.179739116,0.064838084,0.030480897,0.012084885,0.01,0.016788329,0.016495669,0.046943139,0.051913137,0.127661919,LMT
10/22/13 11:00,0.102385021,0.093339322,0.063023121,0.028488009,0.031144823,,,,,,LMT
4/23/13 11:00,0.948796576,0.119793782,0.095412969,0.099366046,0.049749372,0.188643335,0.129867557,0.113147749,0.221209566,0.341549277,LMT
1/26/16 11:00,0.203381595,0.229386765,0.281187688,0.268826669,0.075696763,,,,,,LMT
7/19/16 11:00,0.217991026,0.176627343,0.096289792,0.069089314,0.080187281,,,,,,LMT
1/23/14 15:00,0.943703235,0.943703235,0.943703235,0.532046131,0.330219624,0.157977055,0.303792977,0.294973026,0.362394308,0.537250898,LMT
7/23/13 11:00,1.216689022,0.358988801,0.293841147,0.104389442,0.046904158,0.11729237,0.080865114,0.071528005,0.068398098,0.072388578,LMT
10/20/15 11:00,0.151703641,0.124291648,0.032823477,0.020173734,0.009082951,,,,,,LMT
10/25/16 11:00,0.084273105,0.074315426,0.047550545,0.046046123,0.033615473,,,,,,LMT
4/21/15 11:00,0.20255647,0.225624528,0.123359012,0.036939243,0.040249224,,,,,,LMT
10/24/12 15:00,0.308405124,0.182927826,0.1244501,0.072846871,0.021679483,0.048270074,0.036040101,0.032108365,0.056253491,0.299524351,LMT
1/27/15 11:00,0.268921601,0.240358046,0.305868564,0.07091664,0.097458001,,,,,,LMT
10/26/11 14:00,0.19254504,0.234484235,0.126552019,0.052721697,0.035049793,0.056537156,0.051842738,0.082034596,0.084121921,0.185292843,LMT
1/24/17 11:00,0.299753401,0.308825878,0.240452616,0.134537273,0.076354437,,,,,,LMT
4/26/12 15:00,0.047983317,0.036736198,0.019516879,0.028067379,0.02236068,0.019235384,0.036893239,0.04337846,0.06556835,0.176608284,LMT
7/22/14 11:00,0.17541507,0.195005449,0.146761939,0.056807026,0.048270074,,,,,,LMT
4/29/15 10:00,0.163093965,0.070371241,0.080319227,0.009944289,0.007071068,,,,,,LVLT
2/5/14 10:00,0.125055878,0.076047136,0.04707491,0.063303151,0.069676395,,,,,,LVLT
4/25/13 10:00,0.116155159,0.137006692,0.130889394,0.042439499,0.030331502,0.005044799,0.034278314,0.054779051,0.068849392,0.08937666,LVLT
2/4/15 10:00,0.154994479,0.14126931,0.106527747,0.041753243,0.005477226,,,,,,LVLT
7/29/15 10:00,0.062088445,0.039669416,0.040888032,0.018764328,0.020449939,,,,,,LVLT
10/28/15 10:00,0.140555216,0.046258209,0.046893512,0.025298221,0.019493589,,,,,,LVLT
12/24/12 10:30,0.098551965,0.12506579,0.105371093,0.030301744,0.024083189,0.024905823,0.02989909,0.034752035,0.049030801,0.051511853,LVLT
2/8/12 09:00,0.063369183,0.077680279,0.022142407,0.011547486,0.0083666,0.329360061,0.410600269,0.503198849,0.791638999,0.582601663,LVLT
7/25/12 09:00,0.062336104,0.058609935,0.053235977,0.065588455,0.088701195,0.022117866,0.345102384,0.54051029,0.553022819,0.615863884,LVLT
10/30/13 10:00,0.044986969,0.046346267,0.014649334,0.013615351,0.004086563,,,,,,LVLT
4/30/14 10:00,0.124477121,0.0511988,0.059953047,0.032527766,0.013416408,,,,,,LVLT
7/29/14 10:00,0.123582465,0.025940606,0.019907678,0.01638699,0.011413063,,,,,,LVLT
4/28/16 10:00,0.041463129,0.041838644,0.055011859,0.045962653,0.031144823,,,,,,LVLT
7/27/16 10:00,0.040580591,0.026237887,0.0283193,0.019607255,0.021679483,,,,,,LVLT
7/31/13 10:00,0.344915094,0.388140878,0.172107892,0.087991224,0.040739416,0.116060329,0.213599443,0.219485825,0.261257896,0.222011564,LVLT
2/12/13 09:00,0.195974994,0.134235018,0.079082567,0.031676856,0.018708287,0.288877137,0.421903202,0.308309249,0.342944908,0.301582474,LVLT
2/8/17 17:30,0.037671128,0.032244536,0.032510498,0.027163343,0.013038405,,,,,,LVLT
11/2/11 10:00,0.174986709,0.197185888,0.241513269,0.07915022,0.038987177,0.10423627,0.081122429,0.077807963,0.065348646,0.261189477,LVLT
5/3/12 09:00,0.067352589,0.070224874,0.02415588,0.020659311,0.020527835,0.233472054,0.188878557,0.271842758,0.272239656,0.211299595,LVLT
11/5/14 10:00,0.22654932,0.180190793,0.084311955,0.08111035,0.092493243,,,,,,LVLT
2/4/16 10:00,0.278311207,0.177207897,0.16942076,0.083134763,0.033837849,,,,,,LVLT
2/16/17 11:00,0.135541137,0.049013109,0.044596799,0.015994791,0.0083666,,,,,,MGM
5/3/12 11:00,0.19315499,0.140264939,0.102527819,0.026793716,0.026925824,0.005477226,0.013206669,0.060805023,0.076923298,0.090181477,MGM
10/31/13 11:00,0.049342242,0.037899126,0.022057842,0.025287019,0.005540758,,,,,,MGM
8/5/14 11:00,0.071558551,0.025455581,0.021712099,0.009944289,0.0124499,,,,,,MGM
5/4/15 11:00,0.028824832,0.033471508,0.041665833,0.029195131,0.023744852,,,,,,MGM
11/7/16 11:00,0.060310632,0.050929348,0.037566142,0.032076963,0.013025053,,,,,,MGM
2/22/12 11:00,0.0740576,0.049794251,0.045602605,0.017557841,0.021463923,0.017888544,0.0260395,0.017833555,0.046953719,0.063825515,MGM
8/4/16 11:00,0.028445652,0.026640922,0.021434879,0.004594683,0.002738613,,,,,,MGM
2/20/13 11:00,0.121239252,0.039515841,0.008903619,0.008820689,0.00393802,0.019524344,0.023901846,0.029871719,0.033915862,0.036529473,MGM
8/7/12 11:00,0.337883609,0.05638767,0.062550473,0.015760711,0.005,0.014753576,0.022687138,0.082463224,0.099467385,0.135539868,MGM
2/18/16 11:00,0.053487161,0.054212743,0.033269215,0.018626445,0.018708287,,,,,,MGM
8/4/15 11:00,0.063232994,0.075035551,0.044507397,0.031750081,0.007905694,,,,,,MGM
10/29/15 08:00,0.067113436,0.016696549,0.012344498,0.011588577,0.011401754,,,,,,MGM
5/5/16 11:00,0.023554424,0.020822596,0.018411016,0.012516656,0.005700877,,,,,,MGM
10/31/12 11:00,0.07547441,0.063756572,0.015501724,0.006992059,0.005,0.015706686,0.018342788,0.038222557,0.047497922,0.048044608,MGM
8/6/13 11:00,0.400389403,0.054200011,0.039530586,0.016499158,0.019493589,0.020493902,0.017763883,0.067785711,0.055578081,0.084791537,MGM
10/30/14 11:00,0.033891831,0.036988874,0.018530032,0.019472202,0.014747881,,,,,,MGM
11/3/11 11:00,0.395411998,0.070808536,0.068920458,0.045666545,0.030086542,0.012792263,0.012318207,0.102614699,0.167879407,0.175447986,MGM
5/2/13 11:00,0.378642439,0.062497072,0.042339687,0.01948474,0.018174213,0.011903781,0.025980548,0.052533552,0.11820617,0.095486265,MGM
4/29/14 11:00,0.10679388,0.036618997,0.031600288,0.026592816,0.008306142,,,,,,MGM
2/5/14 08:00,0.090456894,0.096515421,0.045614068,0.024497639,0.019987546,,,,,,MRK
10/28/11 08:00,0.077918669,0.088365051,0.083244491,0.047737709,0.028284271,0.076370806,0.115280154,0.097798609,0.151541206,0.187081741,MRK
2/4/15 08:00,0.191035986,0.110280807,0.1013539,0.090750966,0.063541325,,,,,,MRK
2/2/12 08:00,0.053018147,0.052543381,0.03514226,0.033103373,0.010954451,0.084038682,0.104874891,0.158666724,0.123572665,0.124320723,MRK
7/28/15 08:00,0.101699292,0.030217238,0.03892832,0.038498671,0.042041646,,,,,,MRK
2/2/17 08:00,0.116884801,0.06029327,0.030407029,0.014053058,0.011935996,,,,,,MRK
7/29/14 08:00,0.071703422,0.047476325,0.050669725,0.025687526,0.033985291,,,,,,MRK
2/1/13 08:00,0.073649438,0.055625833,0.040265284,0.053696679,0.055677644,0.184445114,0.152901566,0.192258792,0.172539146,0.144352739,MRK
5/1/13 08:00,0.064475234,0.063476569,0.032956328,0.044242262,0.046368092,0.105562787,0.128827359,0.286862929,0.217683462,0.353398423,MRK
7/27/12 08:00,0.03897225,0.042579451,0.025542708,0.02332476,0.029495762,0.288582744,0.228446444,0.216828066,0.18409772,0.134780152,MRK
4/28/15 08:00,0.123077783,0.052999054,0.035144972,0.023090787,0.023452079,,,,,,MRK
5/5/16 08:00,0.094574252,0.060785871,0.059732592,0.015473633,0.01808867,,,,,,MRK
10/27/14 08:00,0.086552077,0.041825138,0.04199346,0.014950674,0.010927122,,,,,,MRK
7/30/13 08:00,0.120337536,0.125472377,0.06281353,0.018918424,0.012940556,0.060580525,0.106287456,0.317390751,0.285573568,0.226425686,MRK
7/29/16 08:00,0.051511483,0.049449565,0.045638505,0.024613682,0.012942179,,,,,,MRK
10/28/13 08:00,0.128484049,0.031677459,0.023165565,0.011246728,0.002167948,,,,,,MRK
10/26/12 08:00,0.037682365,0.045487047,0.033589585,0.046251126,0.017888544,0.030273289,0.027906837,0.131437523,0.259349955,0.202838596,MRK
2/3/16 08:00,0.08663513,0.074996202,0.064817508,0.04219464,0.050020276,,,,,,MRK
10/27/15 08:00,0.093487659,0.088959275,0.041276491,0.019119507,0.016733201,,,,,,MRK
10/25/16 08:00,0.071369017,0.046979448,0.023340276,0.006252191,0.002738613,,,,,,MRK
4/27/12 08:00,0.032409892,0.023886968,0.017491068,0.018265024,0.017535678,0.019493589,0.047795862,0.123925729,0.120336206,0.147007483,MRK
4/29/14 08:00,0.167846318,0.110697388,0.094543654,0.03197221,0.025347584,,,,,,MRK
4/19/12 17:30,0.050796348,0.034960963,0.034770414,0.025606043,0.025149553,0.038078866,0.048515621,0.110483358,0.193029796,0.177136829,MSFT
10/18/12 17:30,0.051097829,0.041369927,0.045968808,0.013365665,0.01728294,0.072663608,0.133940285,0.12229083,0.123255089,0.090541162,MSFT
7/22/14 17:30,0.040988964,0.026056291,0.030006576,0.031861368,0.027034386,,,,,,MSFT
4/23/15 17:30,0.162612108,0.047570654,0.049465257,0.020653784,0.013433242,,,,,,MSFT
7/18/13 17:30,0.049396157,0.039680777,0.042934729,0.03314806,0.016733201,0.111948649,0.113949306,0.118753979,0.191499372,0.176870331,MSFT
1/23/14 17:30,0.061207634,0.050129037,0.016298841,0.021588886,0.029245171,,,,,,MSFT
10/24/13 17:30,0.032313875,0.030427973,0.02070792,0.007766738,0.008660254,0.064031242,0.086688208,0.085029376,0.141861386,0.123014881,MSFT
1/26/15 17:30,0.130563009,0.099824746,0.041151081,0.025036942,0.01438739,,,,,,MSFT
7/21/15 17:30,0.0853101,0.066352112,0.018129761,0.010788801,0.011970798,,,,,,MSFT
4/21/16 17:30,0.137277636,0.06441113,0.032102961,0.038082964,0.022230655,,,,,,MSFT
10/22/15 17:30,0.078411803,0.070534148,0.037276867,0.03473615,0.022678448,,,,,,MSFT
4/24/14 17:30,0.03313362,0.015784349,0.016760024,0.009589583,0.00474426,,,,,,MSFT
7/19/12 17:30,0.033676178,0.028523844,0.030043044,0.025400273,0.023430792,0.082390533,0.081171659,0.079452471,0.0922644,0.228343396,MSFT
10/20/16 17:30,0.137343369,0.031167949,0.019868501,0.013293758,0.009159039,,,,,,MSFT
1/19/12 17:30,0.027678549,0.02795051,0.028822602,0.014668182,0.010134101,0.041197087,0.055820048,0.070179644,0.085556079,0.081597908,MSFT
7/19/16 17:30,0.040868145,0.03713706,0.025011748,0.023477755,0.012993768,,,,,,MSFT
10/23/14 17:30,0.068525525,0.067821209,0.03735919,0.032924697,0.020223699,,,,,,MSFT
1/24/13 17:30,0.085811756,0.08725297,0.066746398,0.039799637,0.005477226,0.039274674,0.044011236,0.239843341,0.252903833,0.186128082,MSFT
1/28/16 17:30,0.173959114,0.17254272,0.090768474,0.037483057,0.025823787,,,,,,MSFT
4/18/13 17:30,0.025300318,0.029638073,0.026977706,0.035605867,0.049949975,0.048682646,0.130059815,0.105027221,0.092910828,0.108832536,MSFT
10/20/11 17:30,0.087268805,0.029141067,0.0361453,0.040906833,0.035106979,0.078174855,0.075464284,0.05157493,0.098362862,0.109083571,MSFT
12/20/12 16:30,0.011841958,0.00696491,0.00549611,0.003932895,0.002738613,0.036124784,0.029813494,0.052797985,0.062552548,0.05866112,MU
9/27/12 16:30,0.036871975,0.044936946,0.039037846,0.020941453,0.015319922,0.038719504,0.034267575,0.029032112,0.024271078,0.034802747,MU
3/22/12 16:30,0.048628786,0.039822484,0.037834405,0.013343746,0.005477226,0.032710854,0.031425059,0.061659462,0.081718342,0.060559027,MU
4/3/14 16:30,0.117705348,0.05675297,0.051607914,0.049710406,0.065747791,0.055710861,0.046338009,0.041595639,0.041595639,0.041595639,MU
1/7/14 16:30,0.11187415,0.054759061,0.03134779,0.020697893,0.010665365,0.01118034,0.013984118,0.022453975,0.022453975,0.022453975,MU
3/30/16 16:30,0.105087816,0.067529055,0.030242593,0.026239845,0.007882449,0.016078619,0.025461625,0.021282731,0.021282731,0.021282731,MU
12/21/16 16:30,0.075926334,0.0195802,0.019145323,0.013564742,0.007419703,0.007352415,0.007270366,0.017210066,0.017210066,0.017210066,MU
6/23/14 16:30,0.075277555,0.068247634,0.03454626,0.026838819,0.035249113,0.036403297,0.033685488,0.055729881,0.055729881,0.055729881,MU
6/25/15 16:30,0.06570612,0.054643734,0.016883101,0.007452285,0.009713496,0.006058052,0.00830556,0.01760785,0.01760785,0.01760785,MU
3/21/13 16:30,0.020766349,0.016821789,0.020159291,0.014000956,0.009515671,0.080239597,0.072342627,0.054436395,0.061861605,0.065663466,MU
6/30/16 16:30,0.109864843,0.047800019,0.039690103,0.026458019,0.007327892,0.024647515,0.032548782,0.02354972,0.02354972,0.02354972,MU
6/19/13 16:30,0.054957801,0.058002423,0.032103945,0.033915745,0.032403703,0.074704752,0.116112597,0.095784067,0.077705559,0.103303151,MU
4/1/15 16:30,0.063696432,0.027718507,0.020432856,0.018550499,0.011193212,0.01395894,0.015638304,0.028482615,0.028482615,0.028482615,MU
12/21/11 16:30,0.024127899,0.019821718,0.021313883,0.015491933,0.010954451,0.039628248,0.060503738,0.249769266,0.213354358,0.162129504,MU
6/20/12 16:30,0.02242895,0.016023501,0.019715259,0.017709069,0.015968719,0.03391165,0.030004629,0.031532715,0.028350175,0.038967636,MU
10/10/13 16:30,0.044132138,0.024386863,0.025582638,0.030455906,0.025475518,0.161957501,0.128520582,0.096454213,0.087001507,0.165093859,MU
9/29/11 16:30,0.060352404,0.05842578,0.031296517,0.007168604,0.007905694,0.041562627,0.029708227,0.052035111,0.042828033,0.057603991,MU
12/22/15 16:30,0.095957689,0.037654168,0.029803275,0.030840089,0.006519202,0.007416198,0.017488091,0.033681363,0.033681363,0.033681363,MU
10/4/16 16:30,0.024322126,0.015729423,0.010600016,0.011492297,0.003834058,0.007582875,0.010219806,0.036047333,0.036047333,0.036047333,MU
10/1/15 16:30,0.04755931,0.051208596,0.034348744,0.024495805,0.022248595,0.016600542,0.013593303,0.016360826,0.016360826,0.016360826,MU
9/25/14 16:30,0.090759125,0.05529553,0.04918819,0.047627752,0.035724641,0.030467064,0.021977008,0.022914093,0.022914093,0.022914093,MU
11/8/12 17:00,0.132073609,0.085748057,0.034388442,0.013549617,0.012282589,0.019408761,0.021557389,0.033430419,0.02922875,0.062678077,NVDA
2/17/16 17:00,0.083908091,0.038592401,0.032903551,0.032058973,0.020493902,,,,,,NVDA
11/7/13 17:00,0.032296282,0.015796898,0.014128326,0.006770032,0.0041833,,,,,,NVDA
8/9/12 17:00,0.105518981,0.041887361,0.027904632,0.017863992,0.013038405,0.16849097,0.125117735,0.159375193,0.135753296,0.104198195,NVDA
5/7/15 17:00,0.103611141,0.09470227,0.020104214,0.006556091,0.004472136,,,,,,NVDA
2/11/15 17:00,0.029458233,0.020974704,0.021731528,0.011841589,0.014142136,,,,,,NVDA
11/5/15 17:00,0.064266129,0.046625082,0.046663382,0.022754731,0.018708287,,,,,,NVDA
11/6/14 17:00,0.032455732,0.023092648,0.022987493,0.011559027,0.013416408,,,,,,NVDA
2/13/13 17:00,0.058956704,0.013785685,0.00869356,0.007248755,0.001788854,0.066426651,0.10542213,0.093019181,0.07124301,0.053482308,NVDA
5/8/14 17:00,0.031844652,0.022030272,0.016363693,0.010916349,0.009082951,,,,,,NVDA
11/10/11 17:00,0.046639976,0.041639441,0.021223892,0.020204909,0.015165751,0.097621719,0.152951563,0.226124384,0.172416955,0.203491853,NVDA
2/15/12 17:00,0.031588872,0.031971004,0.026884085,0.03282223,0.027121984,0.037540645,0.144934938,0.158593804,0.262878455,0.242454159,NVDA
8/8/13 17:00,0.028568258,0.014215855,0.016925211,0.010557193,0.010704765,0.090027773,0.06650576,0.054382031,0.090795388,0.151471823,NVDA
8/7/14 17:00,0.041105981,0.033874271,0.021607066,0.010978788,0.001386362,,,,,,NVDA
2/12/14 17:00,0.051046086,0.031856902,0.022423491,0.009718253,0.009746794,,,,,,NVDA
5/9/13 17:00,0.024245743,0.030796064,0.015614943,0.023693647,0.028809721,0.028271045,0.083640639,0.054006178,0.055483458,0.046367418,NVDA
5/11/12 08:00,0.048022366,0.02259341,0.025687227,0.02178487,0.013038405,0.037792883,0.049695527,0.134105523,0.105589086,0.076651741,NVDA
11/2/11 16:30,0.058905812,0.043519026,0.03936128,0.040428263,0.020432817,0.014142136,0.066240303,0.141809022,0.190070162,0.148100911,NWSA
5/9/12 16:30,0.063339023,0.080423788,0.038101986,0.011254629,0.005477226,0.076517972,0.140127918,0.120398372,0.096551657,0.07292813,NWSA
8/12/15 18:00,0.035212441,0.034739852,0.016729766,0.010055402,0.007071068,,,,,,NWSA
5/8/14 17:30,0.051363237,0.027676501,0.01197339,0.014990738,0.0083666,,,,,,NWSA
8/7/14 17:30,0.041022046,0.017717325,0.007262029,0.005682576,0.004873397,,,,,,NWSA
5/8/13 16:30,0.127039817,0.105425951,0.059443666,0.025343474,0.031404617,0.273475231,0.220810731,0.23232209,0.246237698,0.217409727,NWSA
5/5/15 16:30,0.051697345,0.03379723,0.009943808,0.003374743,0,0.004472136,0.006346478,0.014293717,0.014293717,0.014293717,NWSA
2/6/13 16:30,0.026187219,0.026438514,0.027067371,0.03107339,0.040987803,0.148489215,0.152308175,0.096127926,0.127325582,0.102353225,NWSA
2/9/17 17:00,0.032124909,0.018071578,0.010368221,0.010916349,0.0041833,,,,,,NWSA
11/6/12 16:30,0.018180901,0.017370324,0.021450317,0.026588427,0.0083666,0.2818253,0.261084171,0.172917777,0.196088297,0.190451626,NWSA
8/8/12 16:30,0.026320892,0.017711612,0.017210904,0.015857788,0.021048753,0.052249402,0.097484477,0.16532292,0.145828282,0.119141989,NWSA
2/5/15 16:30,0.05716902,0.023058842,0.020279123,0.009431773,0.008732125,0.01,0.010341395,0.022540381,0.022540381,0.022540381,NWSA
11/5/14 17:30,0.042562341,0.037894442,0.020135318,0.014916434,0.004472136,,,,,,NWSA
2/8/12 16:30,0.04212193,0.052622631,0.025280609,0.016674998,0.015968719,0.057619441,0.06272515,0.105121714,0.152051387,0.147441488,NWSA
11/5/15 17:30,0.034464288,0.018707532,0.01793667,0.003535534,0.0041833,,,,,,NWSA
8/8/16 16:30,0.019607682,0.010368327,0.006114389,0.003689324,0.002738613,0.002738613,0.002635231,0.005047835,0.005047835,0.005047835,NWSA
2/6/14 08:30,0.039182445,0.036513697,0.0159917,0.016873714,0.002738613,,,,,,NWSA
11/11/13 16:30,0.068888138,0.030658549,0.019152173,0.010341395,0.013874437,0.007905694,0.007378648,0.008596024,0.008596024,0.008596024,NWSA
2/2/14 16:30,0.051638923,0.029537775,0.02477979,0.014139028,0.014747881,,,,,,NWSA
11/7/16 17:00,0.095958348,0.092811382,0.028728315,0.00421637,0.0041833,,,,,,NWSA
6/16/16 17:00,0.056319473,0.056336288,0.036774751,0.017945055,0.013399627,,,,,,ORCL
6/17/15 17:00,0.042641215,0.04291436,0.035644707,0.019720266,0.025347584,,,,,,ORCL
6/18/12 17:00,0.036368157,0.035554152,0.025500063,0.018135294,0.01396424,0.085396136,0.103091114,0.12506112,0.290141899,0.266096953,ORCL
3/18/14 17:00,0.075997697,0.059423212,0.041191855,0.015103351,0.010527488,,,,,,ORCL
9/18/14 17:00,0.035148269,0.027200919,0.016429535,0.009266043,0.004394087,,,,,,ORCL
3/17/15 17:00,0.06878472,0.063565968,0.06589465,0.067841728,0.064420494,,,,,,ORCL
3/20/12 17:00,0.159156323,0.072759794,0.043333207,0.044883317,0.028814961,0.087635609,0.181139142,0.207567495,0.184130609,0.179375475,ORCL
12/18/13 17:00,0.055820697,0.063281339,0.062759939,0.010219806,0.006708204,,,,,,ORCL
9/18/13 17:00,0.078333034,0.064642028,0.06087289,0.050095332,0.046914689,0.020443385,0.135536862,0.098136272,0.095305371,0.145970681,ORCL
12/17/14 17:00,0.121954364,0.132428358,0.107606863,0.097692033,0.092145537,,,,,,ORCL
9/20/12 17:00,0.061479084,0.058780539,0.058834504,0.033170435,0.029154759,0.085196843,0.084321293,0.149320685,0.157050489,0.235885319,ORCL
9/16/15 17:00,0.06932048,0.070650209,0.024786935,0.02106131,0.011169243,,,,,,ORCL
9/15/16 17:00,0.048008978,0.02352813,0.020724926,0.008769366,0.008080842,,,,,,ORCL
6/20/13 17:00,0.092152811,0.06822207,0.060052066,0.028869486,0.033078694,0.107259965,0.206534675,0.172026373,0.143375813,0.132267653,ORCL
9/20/11 17:00,0.168399715,0.067199296,0.056848478,0.035926197,0.026457513,0.193954118,0.137471169,0.094933285,0.07870639,0.090689333,ORCL
6/19/14 17:00,0.056603947,0.067290677,0.023356062,0.024272756,0.01396424,,,,,,ORCL
12/20/11 17:00,0.053127152,0.04737828,0.036029972,0.017288403,0.0083666,0.052630789,0.107993055,0.110069534,0.108144405,0.176425555,ORCL
12/18/12 17:00,0.052239669,0.03912571,0.049696003,0.028562018,0.029495762,0.041291646,0.047472916,0.051786986,0.054083224,0.041186734,ORCL
12/16/15 17:00,0.050660862,0.056556436,0.055193081,0.014529663,0.010368221,,,,,,ORCL
3/20/13 17:00,0.044892931,0.027390813,0.01751183,0.02017019,0.018054141,0.056978084,0.065346911,0.070345525,0.183837438,0.134485878,ORCL
1/29/13 10:00,0.159999296,0.193480173,0.130660218,0.044008344,0.031622777,0.022210313,0.060056737,0.055898234,0.06123913,0.119396225,PFE
11/1/11 10:00,0.110236027,0.124937791,0.159190282,0.0463406,0.050181192,0.027477263,0.037631748,0.043429551,0.084569834,0.08066484,PFE
8/2/16 10:00,0.083505588,0.053550828,0.053019296,0.01297382,0.009710201,,,,,,PFE
1/31/12 10:00,0.080505551,0.093232016,0.054355797,0.02835509,0.008786353,0.011672618,0.020601836,0.015586859,0.026126345,0.116467021,PFE
5/5/14 10:00,0.033889498,0.014587606,0.01134824,0.009116651,0.010583241,,,,,,PFE
4/28/15 10:00,0.1070026,0.067275231,0.043477526,0.009011721,0.006519202,,,,,,PFE
10/29/13 10:00,0.093893959,0.093893959,0.093893959,0.040754005,0.012320714,0.014943962,0.013769729,0.041302383,0.043178613,0.043894136,PFE
2/2/16 10:00,0.110784016,0.04900716,0.036445519,0.024860723,0.017888544,,,,,,PFE
7/30/13 10:00,0.169596579,0.222690654,0.092991427,0.048019093,0.026220221,0.027487051,0.023659438,0.036063378,0.066218455,0.08419987,PFE
1/28/14 10:00,0.06761063,0.048273814,0.038997196,0.035744229,0.029240383,,,,,,PFE
11/1/12 10:00,0.170374456,0.195668796,0.058748707,0.040279591,0.032269211,0.024843752,0.031706167,0.026555141,0.023032376,0.025659116,PFE
1/27/15 10:00,0.12389151,0.069634078,0.034625813,0.018433846,0.021599352,,,,,,PFE
1/31/17 10:00,0.041663637,0.032276152,0.022901196,0.018194273,0.015461953,,,,,,PFE
4/30/13 10:00,0.394562139,0.454371813,0.20141793,0.044780637,0.033466401,0.036507533,0.046475996,0.086558006,0.096507419,0.082162064,PFE
5/3/16 10:00,0.060196848,0.042443014,0.033823617,0.021868864,0.015165751,,,,,,PFE
7/29/14 10:00,0.031284267,0.017641156,0.014970974,0.014707553,0.007905694,,,,,,PFE
7/31/12 10:00,0.172296069,0.203399491,0.064111139,0.047946972,0.037097871,0.009950276,0.022703032,0.076913024,0.063067984,0.113995119,PFE
10/27/15 10:00,0.093321229,0.046365082,0.026865574,0.014365889,0.016733201,,,,,,PFE
11/1/16 10:00,0.053120131,0.036642648,0.016884496,0.013540064,0.019811613,,,,,,PFE
10/28/14 10:00,0.027679282,0.015519221,0.014676839,0.004322049,0.003512549,,,,,,PFE
7/28/15 10:00,0.040308339,0.034795386,0.022764218,0.015733987,0.00219089,,,,,,PFE
5/1/12 10:00,0.083938346,0.111363927,0.07351616,0.038498052,0.023021729,0.027873141,0.021656226,0.028371549,0.02981394,0.063008314,PFE
4/23/14 16:45,0.095686171,0.099729484,0.073864608,0.015499462,0.011326959,0.038975659,0.033142469,0.031962902,0.031962902,0.031962902,QCOM
1/29/14 16:45,0.067354892,0.071143381,0.080850642,0.043938878,0.049320381,0.029987531,0.025931125,0.030192981,0.030192981,0.030192981,QCOM
11/4/15 16:45,0.109814064,0.059121545,0.061177177,0.055627028,0.017592271,0.027328977,0.02793258,0.030888848,0.030888848,0.030888848,QCOM
11/2/16 16:45,0.087317594,0.095848843,0.108110618,0.030134235,0.007814858,0.008372694,0.022634804,0.025704249,0.025704249,0.025704249,QCOM
7/18/12 16:45,0.082618458,0.095946679,0.075735103,0.059369371,0.070391761,0.167757265,0.152371075,0.31484956,0.328991049,0.262760184,QCOM
4/22/15 16:45,0.067474811,0.033099706,0.021069192,0.01094179,0.008016857,0.03038187,0.031915785,0.029553198,0.029553198,0.029553198,QCOM
1/27/16 16:45,0.228561807,0.143785553,0.142201513,0.036195495,0.047775517,0.03844288,0.069405792,0.058246624,0.058246624,0.058246624,QCOM
4/20/16 16:45,0.116086458,0.040578268,0.048159365,0.040787389,0.006519202,0.01396424,0.017199806,0.016447158,0.016447158,0.016447158,QCOM
11/2/11 16:45,0.238246504,0.130719088,0.058337187,0.06917595,0.0125499,0.267798338,0.294895073,0.597821838,0.475818071,0.350973145,QCOM
4/24/13 16:45,0.090870118,0.077785725,0.097030827,0.123250603,0.104163333,0.168123859,0.178475695,0.294863962,0.263951607,0.20980327,QCOM
2/1/12 16:45,0.050730457,0.04638379,0.05029122,0.034330888,0.042190046,0.327402502,0.247582049,0.295238409,0.230130566,0.178386278,QCOM
7/24/13 16:45,0.207400488,0.072368734,0.044994119,0.053377608,0.036895122,0.16705289,0.312191039,0.213414312,0.168670927,0.310708074,QCOM
11/5/14 16:45,0.11023506,0.099983469,0.105182267,0.055366786,0.023479672,0.014832397,0.022906816,0.046261322,0.046261322,0.046261322,QCOM
4/18/12 16:45,0.111342367,0.081878256,0.051090805,0.022267315,0.011401754,0.206894176,0.191704486,0.190084746,0.163091454,0.2628569,QCOM
1/30/13 16:45,0.13294658,0.103636245,0.064709198,0.049357563,0.056588762,0.059677399,0.063721673,0.154141145,0.143165302,0.319266973,QCOM
11/6/13 16:45,0.086098212,0.091014656,0.094448358,0.121146789,0.067979409,0.068044103,0.062325311,0.073646207,0.073646207,0.073646207,QCOM
1/28/15 17:00,0.182760366,0.085309859,0.027333925,0.021558625,0.019235384,,,,,,QCOM
11/7/12 16:45,0.245746179,0.116369032,0.105393835,0.089840279,0.069498201,0.151036181,0.119633979,0.196909148,0.261631517,0.196463582,QCOM
7/22/15 16:45,0.132557689,0.116440922,0.04865062,0.042150524,0.005700877,0.014316145,0.012769408,0.01394249,0.01394249,0.01394249,QCOM
7/20/16 16:45,0.039781367,0.044295447,0.019400468,0.01589689,0.023015212,0.014586021,0.028866838,0.025432977,0.025432977,0.025432977,QCOM
7/23/14 17:45,0.072067964,0.039325854,0.033483675,0.02480502,0.026151635,,,,,,QCOM
12/20/12 17:00,0.064985649,0.081627934,0.046912315,0.01389168,0.008197683,0.031104662,0.065855384,0.082341867,0.235411991,0.185229896,RIMM
7/25/16 08:30,0.031119477,0.009237123,0.011000053,0.014539219,0.002236068,,,,,,S
4/25/12 08:00,0.024065782,0.013155602,0.012732681,0.009527043,0.009746794,0.009884331,0.015566702,0.029789342,0.034593069,0.054479347,S
4/24/13 08:00,0.010326353,0.012895365,0.008347411,0.007507892,0.0083666,0.004807494,0.005053151,0.01735723,0.019619564,0.021631872,S
7/30/13 08:00,0.014183428,0.019013791,0.020019101,0.017677305,0.019797778,0.040409194,0.05316243,0.038671266,0.05664408,0.057340428,S
10/30/13 08:00,0.018173087,0.019117269,0.016944329,0.008624313,0.002738613,,,,,,S
8/4/15 08:30,0.019346409,0.012135389,0.010379343,0.007870649,0.008342781,,,,,,S
7/26/12 08:00,0.033101341,0.01875507,0.022242137,0.006687468,0.007071068,0.044623985,0.035731094,0.026773606,0.03767602,0.032055092,S
7/30/14 08:30,0.040609006,0.031756173,0.02888423,0.011440479,0.006708204,,,,,,S
11/3/15 08:30,0.011940101,0.008948273,0.008949475,0.003162278,0.0041833,,,,,,S
1/26/16 08:30,0.030642151,0.018998544,0.022159344,0.00588365,0.005600714,,,,,,S
5/3/16 08:30,0.013670295,0.014715861,0.012622623,0.004060651,0.002236068,,,,,,S
2/11/14 08:00,0.019545517,0.015222147,0.016110018,0.013230474,0.006708204,,,,,,S
10/25/16 08:30,0.0374596,0.044161699,0.038348796,0.021757543,0.007788325,,,,,,S
10/25/12 08:00,0.005515708,0.003650408,0.003097995,0.003927241,0.003500286,0.006123724,0.016338435,0.023661961,0.030735169,0.029838386,S
10/26/11 08:00,0.00989944,0.010917779,0.011502124,0.013123346,0.015165751,0.02607681,0.022242352,0.030023758,0.045934762,0.051119954,S
11/3/14 16:30,0.024508816,0.015350251,0.005477226,0.002415229,0,0,0.008279157,0.015618001,0.015618001,0.015618001,S
1/31/17 08:30,0.031285242,0.016541328,0.017702279,0.010593499,0.008215838,,,,,,S
5/5/15 08:30,0.041030617,0.017355266,0.006326501,0.00421637,0,,,,,,S
2/8/12 08:00,0.00963067,0.011897856,0.0147629,0.016674998,0.016583124,0.006503999,0.048206804,0.045166322,0.039316021,0.036473562,S
2/7/13 08:00,0.004649156,0.004509876,0.004086001,0.005502525,0.006708204,0.005700877,0.005295533,0.01308502,0.014788189,0.014757281,S
2/5/15 08:30,0.026350202,0.024555937,0.01987093,0.003392295,0.0041833,,,,,,S
11/1/12 08:00,0.011697696,0.01521103,0.01514774,0.003944053,0.004472136,0.003682119,0.011884238,0.021216536,0.0312441,0.0339821,SIRI
10/28/14 08:00,0.007326546,0.005710174,0.006790243,0.003736085,0.004472136,,,,,,SIRI
11/1/11 08:00,0.00666407,0.00899265,0.005654399,0.003944053,0.004472136,0.004483525,0.010304417,0.051437346,0.045121423,0.03358214,SIRI
2/4/14 08:00,0.012509452,0.012002003,0.012457001,0.007731789,0.00435316,,,,,,SIRI
2/5/13 08:00,0.009048797,0.009294978,0.004021351,0.003765339,0.002738613,0.006123724,0.006146363,0.006013568,0.006570075,0.006823907,SIRI
4/24/14 08:00,0.009634912,0.004254971,0.003099581,0.002469818,0.002236068,,,,,,SIRI
7/26/16 08:00,0.002707774,0.002272098,0.00172873,0.001581139,0,,,,,,SIRI
7/28/15 08:00,0.017096381,0.012152104,0.006948083,0.005676462,0,,,,,,SIRI
2/9/12 08:00,0.004201372,0.003564614,0.003279874,0.002820737,0.003535534,0.003834058,0.01081203,0.011938101,0.015720015,0.019471545,SIRI
2/2/17 08:00,0.00728193,0.004540033,0.002841604,0.002838231,0.002236068,,,,,,SIRI
7/29/14 08:00,0.016217075,0.008735016,0.005712076,0.003141284,0.002738613,,,,,,SIRI
4/28/15 08:00,0.006641584,0.003945247,0.002604152,0.002108185,0.002236068,,,,,,SIRI
10/27/16 08:00,0.006019889,0.004634219,0.002733361,0.002486072,0.0025,,,,,,SIRI
2/5/15 08:00,0.014446155,0.009893144,0.005832923,0.003374743,0,,,,,,SIRI
4/30/13 08:00,0.011596245,0.012671156,0.016010952,0.021660255,0.022912878,0.0041833,0.006200582,0.012321612,0.018728031,0.032178676,SIRI
10/24/13 08:00,0.014599933,0.01118812,0.006386254,0.005163978,0.005477226,,,,,,SIRI
10/22/15 08:00,0.005230298,0.005674844,0.005942734,0.002838231,0.0041833,,,,,,SIRI
4/28/16 08:00,0.005605181,0.006445644,0.002702755,0.002581989,0.002738613,,,,,,SIRI
5/1/12 08:00,0.005718127,0.006322322,0.004301831,0.003162278,0.002236068,0.0083666,0.009718253,0.009965458,0.012124213,0.011095469,SIRI
7/25/13 08:00,0.024112556,0.024935646,0.018058877,0.006258328,0.005477226,0.004472136,0.003622461,0.032913978,0.025384691,0.020512719,SIRI
2/2/16 08:00,0.011630429,0.006397298,0.005941864,0.003944053,0.002738613,,,,,,SIRI
8/7/12 08:00,0.004292944,0.003354572,0.003446886,0.003162278,0.002738613,0.008896797,0.00694707,0.007422356,0.007111163,0.019898056,SIRI
7/19/12 17:00,0.103734184,0.086888263,0.064398187,0.036270588,0.037416574,0.184309522,0.143132033,0.571366741,0.458784544,0.387652263,SNDK
1/22/14 05:00,0.419719124,0.203212233,0.081078713,0.025228425,0.023286971,,,,,,SNDK
7/17/13 17:00,0.115628555,0.135733838,0.167602773,0.092831987,0.016431677,0.167643073,0.205970575,0.410764461,0.347040969,0.26299939,SNDK
10/16/14 17:00,0.355949556,0.273746076,0.250417132,0.065321853,0.016733201,,,,,,SNDK
7/16/14 17:00,0.373063072,0.218585818,0.131239681,0.069893641,0.057276452,,,,,,SNDK
4/19/12 17:00,0.084054549,0.092979715,0.085881386,0.023861007,0.019235384,0.294172568,0.235633897,0.321385795,0.328943912,0.255362723,SNDK
1/21/15 15:30,0.323287295,0.323287295,0.176570194,0.063456373,0.080187281,0.056124861,0.067527772,0.109473399,0.124400606,0.127272135,SNDK
10/20/11 17:00,0.170101894,0.198120077,0.087642376,0.034816982,0.030290262,0.119037809,0.258379566,0.222056839,0.238773966,0.247289333,SNDK
7/22/15 17:00,0.126131106,0.091325648,0.102070133,0.042196498,0.027748874,,,,,,SNDK
10/18/12 17:00,0.228350558,0.113157731,0.104712903,0.084104763,0.076615925,0.108489631,0.387941863,0.241614303,0.407576868,0.432603563,SNDK
4/16/14 17:00,0.445066167,0.233883121,0.193764789,0.125625723,0.087262248,,,,,,SNDK
10/16/13 17:00,0.15699228,0.078764537,0.077913589,0.035574648,0.024899799,,,,,,SNDK
4/17/13 17:00,0.179062679,0.160511684,0.138571732,0.042391049,0.034928498,0.156873197,0.491490974,1.111265475,1.335403661,1.055245672,SNDK
4/15/15 17:00,0.31987191,0.086312182,0.044939878,0.04156998,0.042246893,,,,,,SNDK
1/25/12 17:00,0.235244277,0.193646376,0.047035538,0.045473196,0.022512219,0.344303645,0.298907269,0.300902182,0.302428089,0.227903327,SNDK
1/23/13 17:00,0.119136305,0.073838944,0.054641839,0.050076618,0.048683693,0.501627352,0.381996219,0.486624338,0.461468858,0.501519567,SNDK
1/28/14 16:30,0.049402211,0.023842836,0.018035523,0.016626953,0.022875751,0.011152937,0.020608739,0.016902367,0.016902367,0.016902367,T
10/22/15 16:30,0.049790978,0.026666344,0.027956683,0.029779665,0.007396756,0.027076337,0.027977324,0.026516102,0.026516102,0.026516102,T
4/22/14 16:30,0.037303825,0.042740133,0.036646446,0.009807305,0.011900504,0.012762367,0.015701384,0.018194035,0.018194035,0.018194035,T
10/22/14 16:30,0.041551302,0.02339236,0.03037062,0.011614474,0.012917895,0.015247951,0.029637814,0.039879198,0.039879198,0.039879198,T
10/24/12 09:00,0.066439317,0.070772835,0.030499324,0.036723622,0.036728763,0.267114208,0.347185509,0.23916137,0.171999544,0.149825953,T
1/25/17 16:30,0.151470851,0.038285333,0.020511022,0.020035105,0.012247449,0.012759585,0.020261523,0.026270348,0.026270348,0.026270348,T
4/26/16 16:30,0.061196449,0.021923824,0.017118586,0.008884443,0.004266146,0.011054411,0.008252272,0.016060963,0.016060963,0.016060963,T
7/23/14 16:30,0.02888984,0.011957979,0.013138266,0.009432856,0.005472842,0.012009496,0.015377603,0.012009809,0.012009809,0.012009809,T
4/22/15 16:30,0.030637588,0.014361966,0.017369012,0.009257213,0.005015775,0.006862361,0.010130175,0.015817047,0.015817047,0.015817047,T
7/23/13 16:30,0.066433585,0.034871055,0.027137702,0.008794165,0.004472136,0.08764298,0.095827443,0.118423675,0.109133559,0.08615215,T
1/26/12 10:00,0.244110979,0.299682625,0.126021289,0.018921149,0.014650666,0.014168698,0.015370665,0.034517635,0.034702342,0.056217926,T
10/24/16 08:30,0.207815452,0.12287558,0.08710354,0.039943695,0.024891726,,,,,,T
7/23/15 16:30,0.047612833,0.03106998,0.013427331,0.006269583,0.006519202,0.005029115,0.006990541,0.00670923,0.00670923,0.00670923,T
1/26/16 16:30,0.075432492,0.044718845,0.03609619,0.026043767,0.021856349,0.026362853,0.030566083,0.029979572,0.029979572,0.029979572,T
10/23/13 16:30,0.0491118,0.043809006,0.02071641,0.011891215,0.015165751,0.005683309,0.0066675,0.012479294,0.012479294,0.012479294,T
7/24/12 09:30,0.06177573,0.066913203,0.047175981,0.032833756,0.033166248,0.052630789,0.041646576,0.184440131,0.331668576,0.326595461,T
1/27/15 16:30,0.061292382,0.033662854,0.012533084,0.014752781,0.021300235,0.015206019,0.011102057,0.009736482,0.009736482,0.009736482,T
4/24/12 10:00,0.371886465,0.44964621,0.15711642,0.051038221,0.01479189,0.036099861,0.033248058,0.034219797,0.061375637,0.069772112,T
7/21/16 16:30,0.048019866,0.040439466,0.023211301,0.012205322,0.01167356,0.005700877,0.007385421,0.016053919,0.016053919,0.016053919,T
1/24/13 04:30,0.018351674,0.023658148,0.026879852,0.019276975,0.019039433,0.024392622,0.027268869,0.037385814,0.061982191,0.05528123,T
10/20/11 10:00,0.068547176,0.074749059,0.042223187,0.025148669,0.009939819,0.017455658,0.021196334,0.037228071,0.044747523,0.092738731,T
4/23/13 16:30,0.041189069,0.035710514,0.01910091,0.005433885,0.006123888,0.08524622,0.067677864,0.128170083,0.126223865,0.106894872,T
11/1/15 03:00,0.036183819,0.04280074,0.019067067,0.016223854,0.004299767,,,,,,UBS
5/1/16 03:00,0.028076454,0.0191853,0.013192226,0.013343746,0.004472136,,,,,,UBS
7/27/15 04:00,0.047196553,0.014926379,0.016345729,0.013984118,0.004472136,,,,,,UBS
7/29/14 03:00,0.029402285,0.020529335,0.009299999,0.005281088,0,,,,,,UBS
4/17/16 09:00,0.014874263,0.006083127,0.00426911,0.003281751,0,,,,,,UBS
10/14/16 10:00,0.022412795,0.023271489,0.021746032,0.005433119,0.007103379,,,,,,UBS
7/16/14 09:30,0.034011177,0.021263364,0.015087416,0.005015576,0.00470234,,,,,,UBS
5/2/12 03:00,0.014340208,0.009716208,0.011611805,0.015463538,0.008660254,0.010954451,0.019550504,0.031409242,0.038402603,0.033402538,UBS
4/30/13 03:00,0.016308358,0.019378494,0.01389203,0.004743416,0.004472136,0.007071068,0.010658851,0.045885883,0.047586572,0.042179188,UBS
10/19/11 09:00,0.114890879,0.056269414,0.045173649,0.04553692,0.01,0.01,0.018408935,0.024165392,0.032139506,0.035187106,UBS
4/16/14 09:00,0.060838016,0.01843248,0.019835991,0.006749486,0.005477226,,,,,,UBS
4/16/13 08:30,0.085245841,0.049784801,0.02721738,0.023311516,0.026239245,0.011401754,0.011595018,0.020661094,0.036588872,0.059650335,UBS
7/10/16 09:00,0.039384488,0.018015685,0.011801531,0.002357023,0,,,,,,UBS
1/18/12 09:00,0.042069498,0.013764063,0.008164504,0.005773503,0.006708204,0.005616672,0.009212455,0.03830886,0.060684465,0.052095389,UBS
1/27/17 03:00,0.082863934,0.017576952,0.012425778,0.012020949,0.008672485,,,,,,UBS
10/14/15 10:00,0.047677127,0.012313611,0.013500711,0.014272075,0.008961138,,,,,,UBS
4/17/12 08:00,0.019589546,0.009320371,0.008476174,0.00421637,0.004472136,0.012247449,0.016900703,0.037503925,0.037858998,0.073488179,UBS
7/30/13 03:00,0.014264525,0.014644113,0.005824274,0.004830459,0,0.024899799,0.042381909,0.056166043,0.055359918,0.052999448,UBS
10/16/13 09:30,0.018345203,0.014285578,0.008827406,0.00707421,0.005848077,,,,,,UBS
10/16/16 09:00,0.03249252,0.016732132,0.018268478,0.004993329,0.005848077,,,,,,UBS
10/28/14 04:00,0.027393128,0.028716065,0.020086889,0.008317378,0.00705351,,,,,,UBS
10/22/14 09:00,0.015957116,0.013099947,0.007738012,0.007660113,0.004472136,,,,,,UBS
1/16/13 08:00,0.031157417,0.012529953,0.012474756,0.012483322,0.009354143,0.017320508,0.013426756,0.029620828,0.056984118,0.050400005,UBS
7/12/15 09:30,0.01805153,0.014770931,0.011682035,0.007078991,0.004472136,,,,,,UBS
7/31/12 03:00,0.016760214,0.01189971,0.008022956,0.006992059,0.007071068,0.006387488,0.016491075,0.012545288,0.031937077,0.030547559,UBS
7/15/16 10:00,0.012444241,0.00836921,0.005985208,0.004566655,0.004266146,,,,,,UBS
10/28/16 03:00,0.026148078,0.022695567,0.012549106,0.010157871,0.005181506,,,,,,UBS
1/21/15 09:30,0.09034745,0.029833476,0.016508125,0.007024789,0.0041833,,,,,,UBS
7/25/16 03:00,0.012200962,0.003974536,0.004098674,0.004361766,0.004873397,,,,,,UBS
7/18/12 09:30,0.007750019,0.008624865,0.009863219,0.005155461,0.005477226,0.004472136,0.012292726,0.014187427,0.039799548,0.043299175,UBS
5/6/14 04:00,0.023277975,0.013417479,0.00500646,0.003535235,0.002822765,,,,,,UBS
1/15/17 09:00,0.037934362,0.030900029,0.013630824,0.007169379,0.00987041,,,,,,UBS
1/15/16 10:00,0.078303555,0.026543436,0.023536151,0.015694599,0.004975138,,,,,,UBS
10/17/12 09:00,0.017770984,0.018517282,0.010171961,0.006801961,0.007416198,0.008944272,0.007470007,0.021272226,0.041884676,0.037028191,UBS
1/22/14 09:00,0.062518345,0.043613205,0.02135393,0.009069705,0.004634976,,,,,,UBS
10/11/15 09:30,0.028650629,0.011203009,0.01214793,0.004420168,0.004936395,,,,,,UBS
2/4/14 03:00,0.079555763,0.046483333,0.03001383,0.011498792,0.0083666,,,,,,UBS
1/10/16 09:00,0.04800928,0.027170609,0.026252599,0.005093885,0.005325599,,,,,,UBS
7/17/13 09:00,0.017240367,0.019062168,0.01796217,0.006244108,0.005477226,0.01,0.010540926,0.015263229,0.0143713,0.062686091,UBS
10/29/13 04:00,,,,,,0.008905167,0.034137825,0.054221956,0.043791252,0.052596068,UBS
2/5/13 03:00,0.01652922,0.010664754,0.009825599,0.003535534,0.002738613,0.004472136,0.024585452,0.036362504,0.046460749,0.037537475,UBS
4/7/15 09:30,0.011823694,0.011367653,0.009153594,0.003339345,0.002738613,,,,,,UBS
1/15/17 09:00,0.042699019,0.049636343,0.024263225,0.012692955,0.01,,,,,,USB
10/17/11 09:30,0.126730873,0.100116121,0.108052857,0.169197657,0.105859577,0.084199216,0.097113902,0.099551375,0.07724197,0.080391472,WFC
7/11/14 10:00,0.029456761,0.019369729,0.018146088,0.016585164,0.009746794,,,,,,WFC
4/11/14 10:00,0.122498894,0.107182601,0.121237758,0.096184141,0.112271991,,,,,,WFC
10/11/13 10:00,0.259141945,0.276752874,0.11999409,0.038550436,0.03712883,0.016113597,0.033353054,0.090459634,0.152090591,0.239535742,WFC
4/13/12 10:00,0.192689143,0.258807039,0.132165714,0.055559482,0.052511903,0.048476799,0.046812273,0.076339419,0.068791727,0.093958189,WFC
1/14/14 10:00,0.088536496,0.059820394,0.046843728,0.019132474,0.007168821,,,,,,WFC
1/11/13 10:00,0.243893396,0.278062169,0.072531598,0.030194225,0.029858835,0.009641058,0.061060422,0.073055419,0.060792278,0.097795046,WFC
7/12/13 10:00,0.33206102,0.333275424,0.116764117,0.082096123,0.008510699,0.032311948,0.056252981,0.082279075,0.06558944,0.064873875,WFC
4/12/13 10:00,0.300219638,0.343652118,0.204971878,0.092855922,0.042778499,0.038682037,0.054777936,0.061254349,0.071757288,0.061167093,WFC
10/12/12 10:00,0.575495382,0.616320079,0.102218064,0.062189763,0.044215382,0.062624213,0.046397971,0.11633139,0.113491687,0.105638335,WFC
7/13/12 10:00,0.148301278,0.180853462,0.041474782,0.025726875,0.036362371,0.082492424,0.092773619,0.101588108,0.098879908,0.125853954,WFC
1/17/12 09:30,,,,,,0.088665382,0.119282682,0.180164086,0.164050204,0.194982878,WFC
8/7/14 08:30,0.029064659,0.027589604,0.024165186,0.010985344,0.010839742,,,,,,WIN
11/6/14 08:30,0.032179468,0.023773768,0.029054894,0.004627886,0.004338433,,,,,,WIN
3/1/17 08:30,0.02017837,0.018049892,0.004011478,0.004082483,0.0041833,,,,,,WIN
8/9/12 08:30,0.047312378,0.022555587,0.020482846,0.013608184,0.005477226,0.074966659,0.090927321,0.129154176,0.108690999,0.080046032,WIN
11/8/12 08:30,0.023722499,0.017873807,0.01272929,0.018439089,0.015165751,0.03844219,0.087379485,0.091197553,0.085902601,0.073792288,WIN
11/7/16 08:30,0.086255428,0.072544165,0.066342851,0.007527727,0.004472136,,,,,,WIN
11/4/11 08:30,0.027217422,0.014793959,0.013897655,0.007890923,0.010839742,0.066890971,0.145875293,0.097825027,0.075194481,0.070655253,WIN
5/9/13 08:30,0.017223101,0.015784778,0.01910046,0.017551511,0.011401754,0.085508479,0.066628656,0.051428356,0.044915336,0.045193148,WIN
5/5/16 08:30,0.026828063,0.019045739,0.021338137,0.007546154,0.005,,,,,,WIN
11/5/15 08:30,0.03938902,0.029774031,0.013423673,0.010411665,0.007071068,,,,,,WIN
5/8/14 08:30,0.011633692,0.003760475,0.0039509,0.003457183,0.003475917,,,,,,WIN
8/4/16 08:30,0.039016499,0.011319871,0.011595271,0.009179742,0.008944272,,,,,,WIN
2/22/12 08:30,0.017935542,0.014788178,0.011742484,0.010749677,0.007582875,0.039482502,0.030887828,0.047236733,0.057178502,0.090460599,WIN
8/6/15 08:30,0.023124053,0.013873749,0.016231359,0.01,0.002738613,,,,,,WIN
2/25/16 08:30,0.01714647,0.010924452,0.006745284,0.004939636,0.004335897,,,,,,WIN
11/7/13 08:30,0.016211444,0.016157972,0.008198357,0.003535534,0.0041833,,,,,,WIN
5/7/15 08:30,0.08816934,0.040570308,0.051440867,0.027202524,0.008944272,,,,,,WIN
8/8/13 08:30,0.051172987,0.018559708,0.009656627,0.010385722,0.014142136,0.015567498,0.035162094,0.03419473,0.034497752,0.062228376,WIN
2/7/14 08:30,0.018003473,0.014797619,0.016307353,0.002432397,0.002880972,,,,,,WIN
2/24/15 08:30,0.026365032,0.023728048,0.013448643,0.009461031,0.013416408,,,,,,WIN
5/10/12 08:30,0.008246458,0.006365801,0.003407227,0.003944053,0.002738613,0.030521304,0.286037931,0.21033488,0.372556018,0.283657265,WIN
10/21/14 17:00,0.083042675,0.108591154,0.110217655,0.034051556,0.020263958,,,,,,YHOO
1/27/15 17:00,0.182515364,0.083477718,0.057856979,0.076495839,0.078205831,,,,,,YHOO
1/24/12 17:00,0.028450941,0.023458138,0.025812519,0.01449826,0.014720734,0.026041736,0.022240226,0.044476459,0.060077324,0.047846252,YHOO
7/21/15 17:00,0.043848629,0.029573739,0.031874917,0.025105334,0.012041595,,,,,,YHOO
4/19/16 17:00,0.161939231,0.069055324,0.072517204,0.049340257,0.022848238,,,,,,YHOO
10/22/12 17:00,0.024370841,0.027586681,0.033304196,0.026055496,0.03324154,0.053530571,0.06309237,0.072733976,0.075515883,0.114139168,YHOO
10/15/13 17:00,0.092431684,0.058393372,0.043234145,0.046567748,0.005280909,,,,,,YHOO
7/17/12 17:00,0.016918006,0.021420986,0.013551138,0.018325453,0.01109955,0.018574176,0.025171633,0.041135542,0.036995659,0.027452142,YHOO
4/17/12 17:00,0.023042788,0.020762878,0.02310798,0.020572916,0.01440486,0.025484309,0.018595176,0.061456732,0.054876145,0.047762291,YHOO
7/16/13 17:00,0.032303894,0.039514344,0.020977076,0.01028769,0.006889267,0.213380411,0.186872879,0.212634253,0.292429543,0.253647089,YHOO
4/15/14 17:00,0.205977458,0.128815646,0.125616293,0.090613798,0.045128173,,,,,,YHOO
7/15/14 17:00,0.077668694,0.094089972,0.042453233,0.031713861,0.025153529,,,,,,YHOO
10/20/15 17:00,0.070178409,0.063574047,0.038425343,0.015846486,0.016733201,,,,,,YHOO
1/28/13 17:00,0.026672715,0.030487571,0.035787337,0.009107872,0.01,0.097826377,0.093928164,0.122410355,0.19228828,0.281735273,YHOO
4/16/13 17:00,0.049195263,0.043729672,0.026439583,0.011401018,0.008283236,0.109606533,0.107332774,0.253474581,0.194964221,0.170064194,YHOO
2/2/16 17:00,0.096579507,0.08300971,0.084182245,0.042702844,0.027892436,,,,,,YHOO
10/18/11 17:00,0.045927532,0.049743496,0.040871583,0.048258251,0.033090784,0.036718551,0.029277843,0.042258929,0.061652847,0.065660492,YHOO
1/28/14 17:00,0.106092873,0.100399112,0.111517559,0.014875965,0.017640862,,,,,,YHOO